-- phpMyAdmin SQL Dump
-- version 4.7.3
-- https://www.phpmyadmin.net/
--
-- Host: localhost:3306
-- Generation Time: Nov 13, 2017 at 05:47 AM
-- Server version: 5.6.38
-- PHP Version: 5.6.30

SET SQL_MODE = "NO_AUTO_VALUE_ON_ZERO";
SET AUTOCOMMIT = 0;
START TRANSACTION;
SET time_zone = "+00:00";


/*!40101 SET @OLD_CHARACTER_SET_CLIENT=@@CHARACTER_SET_CLIENT */;
/*!40101 SET @OLD_CHARACTER_SET_RESULTS=@@CHARACTER_SET_RESULTS */;
/*!40101 SET @OLD_COLLATION_CONNECTION=@@COLLATION_CONNECTION */;
/*!40101 SET NAMES utf8mb4 */;

--
-- Database: `telebang_app`
--

-- --------------------------------------------------------

--
-- Table structure for table `categories`
--

CREATE TABLE `categories` (
  `CategoryId` smallint(6) NOT NULL,
  `CategoryName` varchar(250) NOT NULL,
  `CategoryImage` varchar(250) DEFAULT NULL,
  `CategoryIcon` varchar(250) DEFAULT NULL,
  `StatusId` tinyint(4) NOT NULL,
  `IsTop` tinyint(4) NOT NULL,
  `DisplayOrder` tinyint(4) NOT NULL,
  `ParentCategoryId` smallint(6) DEFAULT NULL
) ENGINE=InnoDB DEFAULT CHARSET=utf8;

--
-- Dumping data for table `categories`
--

INSERT INTO `categories` (`CategoryId`, `CategoryName`, `CategoryImage`, `CategoryIcon`, `StatusId`, `IsTop`, `DisplayOrder`, `ParentCategoryId`) VALUES
(3, 'Technology', '/tech.png', '/tech.png', 2, 0, 100, NULL),
(4, 'Drama', '/drama.png', '/drama.png', 2, 0, 100, NULL),
(5, 'Documentary', '/docu.png', '/docu.png', 2, 0, 100, NULL),
(6, 'Comedy', '/comedy.png', '/comedy.png', 2, 0, 100, NULL);

-- --------------------------------------------------------

--
-- Table structure for table `categoryvideos`
--

CREATE TABLE `categoryvideos` (
  `CategoryVideoId` int(11) NOT NULL,
  `VideoId` int(11) NOT NULL,
  `CategoryId` smallint(6) NOT NULL
) ENGINE=InnoDB DEFAULT CHARSET=utf8;

--
-- Dumping data for table `categoryvideos`
--

INSERT INTO `categoryvideos` (`CategoryVideoId`, `VideoId`, `CategoryId`) VALUES
(4, 5, 3),
(5, 6, 3),
(6, 7, 3),
(7, 8, 3),
(8, 3, 3),
(9, 4, 3),
(11, 10, 4),
(12, 9, 4),
(13, 11, 4),
(14, 12, 4),
(15, 13, 4),
(16, 14, 4),
(17, 15, 4),
(18, 16, 4),
(19, 17, 4),
(20, 18, 4),
(21, 19, 4),
(22, 20, 4),
(23, 21, 4),
(24, 22, 4),
(25, 23, 4),
(26, 24, 4),
(27, 25, 4),
(28, 26, 4),
(29, 27, 4),
(30, 28, 4),
(31, 29, 4),
(32, 30, 4),
(33, 31, 4),
(34, 32, 4),
(35, 33, 4),
(36, 34, 4),
(37, 35, 4),
(38, 36, 4),
(39, 37, 4),
(40, 38, 4),
(41, 39, 4),
(42, 40, 4),
(43, 41, 4),
(44, 42, 4),
(45, 43, 4),
(46, 44, 4),
(47, 45, 4),
(48, 46, 4),
(49, 47, 4),
(50, 48, 4),
(51, 49, 4),
(52, 50, 4),
(53, 51, 4),
(54, 52, 4),
(55, 53, 4),
(56, 54, 4),
(57, 55, 4),
(58, 56, 4),
(59, 57, 4),
(60, 58, 4),
(61, 59, 4),
(62, 60, 4),
(63, 61, 4),
(64, 62, 4),
(65, 63, 4),
(66, 64, 4),
(67, 65, 4),
(68, 66, 4),
(69, 67, 4),
(70, 68, 4),
(71, 69, 4),
(72, 70, 4),
(73, 71, 4),
(74, 72, 4),
(75, 73, 4),
(76, 74, 4),
(77, 75, 4),
(78, 76, 4),
(79, 77, 4),
(80, 78, 4),
(81, 79, 4),
(82, 80, 4),
(83, 81, 4),
(84, 82, 4),
(85, 83, 4),
(86, 84, 4),
(87, 85, 4),
(88, 86, 4),
(89, 87, 4),
(90, 88, 4),
(91, 89, 4),
(92, 90, 4),
(93, 91, 4),
(94, 92, 4),
(95, 93, 4),
(96, 94, 4),
(97, 95, 4),
(98, 96, 4),
(99, 97, 4),
(100, 98, 4),
(101, 99, 4),
(102, 100, 4),
(103, 101, 4),
(104, 102, 4),
(105, 103, 4),
(106, 104, 4),
(107, 105, 4),
(108, 106, 4),
(109, 107, 4),
(110, 108, 4),
(111, 109, 4),
(112, 110, 4),
(113, 111, 4),
(114, 112, 4),
(115, 113, 4),
(116, 114, 4),
(117, 115, 4),
(118, 116, 4),
(119, 117, 4),
(120, 118, 4),
(121, 119, 4),
(122, 120, 4),
(123, 121, 4),
(124, 122, 4),
(125, 123, 4),
(126, 124, 4),
(127, 125, 4),
(128, 126, 4),
(129, 127, 4),
(130, 128, 4),
(131, 129, 4),
(132, 130, 4),
(133, 131, 4),
(134, 132, 4),
(135, 133, 4),
(136, 134, 4),
(137, 135, 4),
(138, 136, 4),
(139, 137, 4),
(140, 138, 4),
(141, 139, 4),
(142, 140, 4),
(143, 141, 4),
(144, 142, 4),
(145, 143, 4),
(146, 144, 4),
(147, 145, 4),
(148, 146, 4),
(149, 147, 4),
(150, 148, 4),
(151, 149, 4),
(152, 150, 4),
(153, 151, 4),
(154, 152, 4),
(155, 153, 4),
(156, 154, 4),
(157, 155, 4),
(158, 156, 4),
(159, 157, 4),
(160, 158, 4),
(161, 159, 4),
(162, 160, 4),
(163, 161, 4),
(164, 162, 4),
(165, 163, 4),
(166, 164, 4),
(167, 165, 4),
(168, 166, 4),
(169, 167, 4),
(170, 168, 4),
(171, 169, 4),
(172, 170, 4),
(173, 171, 4),
(174, 172, 4),
(175, 173, 4),
(214, 210, 4),
(231, 227, 4),
(232, 228, 4),
(233, 229, 4),
(234, 230, 4),
(237, 233, 4),
(239, 235, 4),
(240, 236, 4),
(241, 237, 4),
(257, 250, 4),
(264, 218, 4),
(268, 222, 4),
(271, 247, 4),
(272, 249, 4),
(273, 251, 4),
(274, 252, 4),
(275, 253, 4),
(276, 254, 4),
(277, 255, 4),
(278, 256, 4),
(279, 257, 4),
(281, 258, 4),
(282, 259, 4),
(283, 260, 4),
(284, 261, 4),
(285, 262, 4),
(286, 263, 3),
(287, 264, 4),
(288, 265, 4),
(290, 266, 4),
(291, 267, 4),
(292, 268, 4),
(293, 269, 4),
(294, 270, 4),
(295, 271, 4),
(296, 272, 4),
(297, 273, 5),
(303, 274, 4),
(304, 275, 4),
(305, 276, 4),
(309, 279, 4),
(310, 280, 4),
(313, 283, 4),
(314, 284, 4),
(315, 285, 4),
(316, 286, 4),
(318, 288, 4),
(319, 289, 4),
(320, 290, 4);

-- --------------------------------------------------------

--
-- Table structure for table `configs`
--

CREATE TABLE `configs` (
  `ConfigId` tinyint(4) NOT NULL,
  `ConfigCode` varchar(45) NOT NULL,
  `ConfigValue` text NOT NULL
) ENGINE=InnoDB DEFAULT CHARSET=utf8;

--
-- Dumping data for table `configs`
--

INSERT INTO `configs` (`ConfigId`, `ConfigCode`, `ConfigValue`) VALUES
(1, 'STATUS_USER', '2'),
(2, 'STATUS_VIDEO', '2'),
(3, 'ADMIN_EMAIL', 'contact@telebang.com'),
(4, 'STATUS_COMMENT', '2');

-- --------------------------------------------------------

--
-- Table structure for table `roles`
--

CREATE TABLE `roles` (
  `RoleId` tinyint(4) NOT NULL,
  `RoleName` varchar(45) NOT NULL,
  `CssClass` varchar(45) DEFAULT NULL
) ENGINE=InnoDB DEFAULT CHARSET=utf8;

--
-- Dumping data for table `roles`
--

INSERT INTO `roles` (`RoleId`, `RoleName`, `CssClass`) VALUES
(1, 'Admin', 'label-success'),
(2, 'Edittor', 'label-info'),
(3, 'Customer', 'label-warning');

-- --------------------------------------------------------

--
-- Table structure for table `series`
--

CREATE TABLE `series` (
  `id_series` int(11) NOT NULL,
  `name` varchar(255) NOT NULL,
  `thumbnail` text NOT NULL,
  `short_desc` text NOT NULL,
  `created_at` datetime NOT NULL,
  `updated_at` datetime NOT NULL,
  `completed` int(11) NOT NULL DEFAULT '0'
) ENGINE=InnoDB DEFAULT CHARSET=latin1;

--
-- Dumping data for table `series`
--

INSERT INTO `series` (`id_series`, `name`, `thumbnail`, `short_desc`, `created_at`, `updated_at`, `completed`) VALUES
(1, 'Too Close To Home', 'TooCloseToHome.jpg', 'Too Close to Home is an American television drama assortment, created, authorities produced, written and directed by Tyler Perry that debuted on TLC on August 22, 2016. The gathering follows a youthful lady, Anna, from a working class life who, after having an affair with the President of america, turns into the center of a political scandal. When the scandal erupts, she returns to her outdated life. Too Close to Residence is the very first scripted assortment for TLC.', '2017-08-02 19:08:57', '2017-08-02 19:08:57', 0),
(2, 'Giants', 'hqdefault-7.jpg', 'Three millennials determined to live life on their own terms, no matter the cost, quickly learn that when life starts to kick your ass, you either lie down, or fight back. Created, written and directed by James Bland.', '2017-08-02 20:25:20', '2017-08-02 20:25:20', 0),
(3, 'This Is It', 'hqdefault-2.jpg', 'This Is it Series follows the first year journey of the young clueless, newlyweds, Dede and Tomide.', '2017-08-02 21:02:57', '2017-08-02 21:03:30', 0),
(4, 'Doing it Wrong', 'do(1).png', 'Our first college series out of Howard University made by college students!', '2017-08-02 21:07:28', '2017-08-02 22:43:53', 0),
(5, 'BECOMING NIA', 'nia.png', '', '2017-08-02 21:14:22', '2017-08-02 21:31:54', 0),
(6, 'Dear Miller', 'millser.png', '', '2017-08-02 21:14:55', '2017-08-02 21:35:37', 0),
(7, 'Yellow', 'yellow.png', '', '2017-08-02 21:17:53', '2017-08-02 21:31:17', 0),
(8, 'H2O', 'h20.jpg', 'Teenagers always feel different, but these three Australian girls really are different; they\'re mermaids! Trying to keep their special powers a secret is hard for Emma, Rikki and Cleo.', '2017-08-02 23:19:04', '2017-08-03 00:38:39', 0),
(9, 'Busting Faboos', 'faboos_fw.png', 'Lets bust those myths around technology, culture and society.', '2017-08-02 23:26:59', '2017-08-02 23:26:59', 0),
(10, 'Mind of A Single Male', 'Mind%20of%20A%20Single%20Male.jpg', 'A recently unengaged and emotionally scorned Chase Hall decides to turn his wealth of knowledge and high level of sexual', '2017-08-03 00:37:55', '2017-08-03 00:37:55', 0),
(11, 'Ladies Room', 'ladiesroom.jpg', 'Travelling from Goa to Mumbai, Dingo & Khanna are living their routine life, smoking up & chilling. Things go south when they are encountered by 35 policemen on the go. What happens next?', '2017-08-03 16:46:17', '2017-08-03 16:46:17', 0);

-- --------------------------------------------------------

--
-- Table structure for table `staticpages`
--

CREATE TABLE `staticpages` (
  `slug` varchar(2000) NOT NULL,
  `PageTitle` varchar(2000) NOT NULL,
  `PageDesc` varchar(6000) NOT NULL
) ENGINE=InnoDB DEFAULT CHARSET=latin1;

--
-- Dumping data for table `staticpages`
--

INSERT INTO `staticpages` (`slug`, `PageTitle`, `PageDesc`) VALUES
('about-us', 'About Us', '<p>Life is too short, so spend it watching shorts and mini-series. Telebang is your platform to deliver mouth watering mini-series curated from africa and beyond. if you love what we do, conatct us at hello@telebang.com</p>');

-- --------------------------------------------------------

--
-- Table structure for table `status`
--

CREATE TABLE `status` (
  `StatusId` tinyint(4) NOT NULL,
  `StatusName` varchar(45) NOT NULL,
  `CssClass` varchar(45) DEFAULT NULL
) ENGINE=InnoDB DEFAULT CHARSET=utf8;

--
-- Dumping data for table `status`
--

INSERT INTO `status` (`StatusId`, `StatusName`, `CssClass`) VALUES
(1, 'Pending', 'label-info'),
(2, 'Approved', 'label-success'),
(3, 'Suspended', 'label-warning'),
(4, 'Blocked', 'label-danger');

-- --------------------------------------------------------

--
-- Table structure for table `tbl_comment_video`
--

CREATE TABLE `tbl_comment_video` (
  `id` int(11) NOT NULL,
  `user_id` int(11) NOT NULL,
  `video_id` int(11) NOT NULL,
  `comment` text NOT NULL,
  `create_at` int(11) NOT NULL,
  `status_comment` int(11) NOT NULL DEFAULT '2'
) ENGINE=InnoDB DEFAULT CHARSET=latin1;

--
-- Dumping data for table `tbl_comment_video`
--

INSERT INTO `tbl_comment_video` (`id`, `user_id`, `video_id`, `comment`, `create_at`, `status_comment`) VALUES
(1, 2, 4, 'awesome', 1491994920, 2),
(2, 2, 4, 'wow', 1492008335, 2),
(3, 2, 4, 'Nice', 1493756343, 2),
(4, 2, 3, 'hi', 1495906170, 2);

-- --------------------------------------------------------

--
-- Table structure for table `tbl_devices`
--

CREATE TABLE `tbl_devices` (
  `id` int(11) NOT NULL,
  `token` text NOT NULL
) ENGINE=InnoDB DEFAULT CHARSET=latin1;

-- --------------------------------------------------------

--
-- Table structure for table `tbl_like_video`
--

CREATE TABLE `tbl_like_video` (
  `id` int(11) NOT NULL,
  `user_id` int(11) NOT NULL,
  `video_id` int(11) NOT NULL,
  `create_at` int(11) NOT NULL
) ENGINE=InnoDB DEFAULT CHARSET=latin1;

--
-- Dumping data for table `tbl_like_video`
--

INSERT INTO `tbl_like_video` (`id`, `user_id`, `video_id`, `create_at`) VALUES
(2, 2, 4, 1493756326),
(3, 2, 3, 1493756579),
(4, 2, 6, 1494878290),
(7, 11, 289, 1508865561);

-- --------------------------------------------------------

--
-- Table structure for table `tbl_news`
--

CREATE TABLE `tbl_news` (
  `id` int(11) NOT NULL,
  `short_description` text NOT NULL,
  `thumbnail` text NOT NULL,
  `view` int(11) NOT NULL,
  `description` longtext CHARACTER SET utf8 NOT NULL,
  `title` text CHARACTER SET utf8 NOT NULL,
  `create_at` bigint(20) NOT NULL,
  `update_at` bigint(20) NOT NULL
) ENGINE=InnoDB DEFAULT CHARSET=latin1;

-- --------------------------------------------------------

--
-- Table structure for table `tbl_news_category_connect`
--

CREATE TABLE `tbl_news_category_connect` (
  `id` int(11) NOT NULL,
  `news_id` int(11) NOT NULL,
  `category_id` int(11) NOT NULL
) ENGINE=InnoDB DEFAULT CHARSET=latin1;

-- --------------------------------------------------------

--
-- Table structure for table `tbl_notification`
--

CREATE TABLE `tbl_notification` (
  `id` int(11) NOT NULL,
  `title` text NOT NULL,
  `message` text NOT NULL,
  `type` varchar(255) NOT NULL,
  `content_id` int(11) NOT NULL,
  `create_at` timestamp NOT NULL DEFAULT CURRENT_TIMESTAMP,
  `image` text NOT NULL
) ENGINE=InnoDB DEFAULT CHARSET=utf8;

-- --------------------------------------------------------

--
-- Table structure for table `tbl_subscription`
--

CREATE TABLE `tbl_subscription` (
  `time` int(20) NOT NULL,
  `amount` varchar(250) NOT NULL,
  `card_number` varchar(250) NOT NULL,
  `user_id` int(20) NOT NULL,
  `id` int(11) UNSIGNED NOT NULL
) ENGINE=InnoDB DEFAULT CHARSET=utf8;

--
-- Dumping data for table `tbl_subscription`
--

INSERT INTO `tbl_subscription` (`time`, `amount`, `card_number`, `user_id`, `id`) VALUES
(1495139840, '25', '84081', 4, 1),
(1495140224, '25', '01381', 4, 2),
(1495140608, '25', '6666', 4, 3),
(1495488512, '25', '4081', 3, 4),
(1495489152, '25', '1381', 4, 5),
(1495553152, '25', '6666', -1, 6),
(1495755732, '25', '4081', 4, 7),
(0, '25', '4081', 5, 8),
(0, '25', '4081', 5, 9),
(0, '25', '4081', 5, 10),
(1495906080, '25', '4081', 2, 11),
(3, '25', '4081', 6, 12),
(0, '25', '4081', 6, 13),
(0, '25', '4081', 6, 14),
(1495990094, '25', '4081', 2, 15),
(1496083104, '25', '4081', 6, 16),
(1496246169, '25', '4081', 6, 17),
(1496246410, '25', '4081', 6, 18),
(1496412308, '25', '4081', 6, 19),
(2, '25', '4081', 4, 26),
(0, '25', '4081', 4, 27),
(0, '25', '4081', 4, 28),
(1496660365, '25', '4081', 4, 29),
(1496854161, '25', '4081', 6, 30),
(0, '25', '4081', 4, 31),
(0, '25', '4081', 4, 32),
(0, '25', '4081', 4, 33),
(0, '25', '4081', 6, 34),
(1496962296, '25', '4081', 6, 35),
(1497004569, '25', '4081', 6, 36),
(1497036038, '2500', '4081', 6, 37),
(1497082116, '2500', '4081', 6, 38),
(1497164376, '2500', '4081', 6, 39),
(1497367960, '2500', '4081', 6, 40),
(1497374335, '15000', '4081', 4, 41),
(1497374578, '7500', '4081', 4, 42),
(1497375322, '30000', '4081', 4, 43),
(1497376352, '15000', '4081', 4, 44),
(1497376365, '15000', '4081', 4, 45),
(1497376800, '7500', '4081', 4, 46),
(1497632824, '2500', '4081', 2, 47),
(1501693334, '2500', '4081', 6, 48),
(1505743624, '2500', '4081', 9, 49),
(1508863399, '2500', '4081', 9, 50);

-- --------------------------------------------------------

--
-- Table structure for table `tbl_user_activity`
--

CREATE TABLE `tbl_user_activity` (
  `id` int(11) NOT NULL,
  `user_id` int(11) NOT NULL,
  `video_id` int(11) NOT NULL,
  `action` varchar(128) NOT NULL,
  `description` text NOT NULL,
  `create_at` int(11) NOT NULL,
  `author_id` int(11) NOT NULL
) ENGINE=InnoDB DEFAULT CHARSET=latin1;

-- --------------------------------------------------------

--
-- Table structure for table `tbl_video_view`
--

CREATE TABLE `tbl_video_view` (
  `id` int(11) NOT NULL,
  `create_at` date NOT NULL,
  `video_id` int(11) NOT NULL,
  `view_counter` int(11) NOT NULL
) ENGINE=InnoDB DEFAULT CHARSET=latin1;

--
-- Dumping data for table `tbl_video_view`
--

INSERT INTO `tbl_video_view` (`id`, `create_at`, `video_id`, `view_counter`) VALUES
(3, '2017-04-12', 3, 9),
(4, '2017-04-12', 4, 10),
(5, '2017-04-12', 6, 3),
(6, '2017-04-12', 5, 1),
(7, '2017-04-12', 7, 7),
(8, '2017-04-12', 8, 3),
(9, '2017-04-13', 8, 4),
(10, '2017-04-13', 4, 5),
(11, '2017-04-13', 3, 3),
(12, '2017-04-13', 5, 3),
(13, '2017-04-13', 7, 3),
(14, '2017-04-13', 6, 2),
(15, '2017-04-14', 6, 1),
(16, '2017-04-14', 5, 1),
(17, '2017-04-14', 4, 1),
(18, '2017-04-14', 3, 1),
(19, '2017-04-14', 7, 1),
(20, '2017-04-14', 8, 1),
(21, '2017-04-15', 7, 1),
(22, '2017-04-15', 6, 1),
(23, '2017-04-15', 3, 1),
(24, '2017-04-15', 4, 1),
(25, '2017-04-15', 5, 1),
(26, '2017-04-15', 8, 1),
(27, '2017-04-16', 6, 1),
(28, '2017-04-16', 5, 1),
(29, '2017-04-16', 4, 1),
(30, '2017-04-16', 3, 1),
(31, '2017-04-16', 7, 1),
(32, '2017-04-16', 8, 1),
(33, '2017-04-17', 6, 1),
(34, '2017-04-17', 8, 1),
(35, '2017-04-17', 3, 1),
(36, '2017-04-17', 4, 1),
(37, '2017-04-17', 5, 1),
(38, '2017-04-17', 7, 1),
(39, '2017-04-19', 4, 3),
(40, '2017-04-19', 8, 2),
(41, '2017-04-19', 5, 2),
(42, '2017-04-19', 6, 2),
(43, '2017-04-19', 3, 2),
(44, '2017-04-19', 7, 2),
(45, '2017-04-20', 6, 3),
(46, '2017-04-20', 8, 3),
(47, '2017-04-20', 7, 3),
(48, '2017-04-20', 5, 3),
(49, '2017-04-20', 4, 3),
(50, '2017-04-20', 3, 3),
(51, '2017-04-21', 7, 1),
(52, '2017-04-21', 8, 1),
(53, '2017-04-21', 6, 1),
(54, '2017-04-21', 5, 1),
(55, '2017-04-21', 4, 1),
(56, '2017-04-21', 3, 1),
(57, '2017-04-22', 7, 1),
(58, '2017-04-22', 8, 1),
(59, '2017-04-22', 5, 1),
(60, '2017-04-22', 6, 1),
(61, '2017-04-22', 3, 1),
(62, '2017-04-22', 4, 1),
(63, '2017-04-24', 5, 2),
(64, '2017-04-24', 4, 2),
(65, '2017-04-24', 8, 2),
(66, '2017-04-24', 7, 2),
(67, '2017-04-24', 6, 2),
(68, '2017-04-24', 3, 2),
(69, '2017-04-25', 8, 1),
(70, '2017-04-25', 5, 1),
(71, '2017-04-25', 7, 1),
(72, '2017-04-25', 6, 1),
(73, '2017-04-25', 3, 1),
(74, '2017-04-25', 4, 1),
(75, '2017-04-26', 7, 1),
(76, '2017-04-27', 7, 1),
(77, '2017-04-27', 6, 1),
(78, '2017-04-27', 3, 1),
(79, '2017-04-27', 4, 1),
(80, '2017-04-27', 5, 1),
(81, '2017-04-27', 8, 1),
(82, '2017-04-28', 7, 4),
(83, '2017-04-28', 6, 3),
(84, '2017-04-28', 8, 2),
(85, '2017-04-28', 3, 1),
(86, '2017-04-28', 4, 2),
(87, '2017-04-28', 5, 2),
(88, '2017-04-29', 4, 3),
(89, '2017-04-29', 5, 3),
(90, '2017-04-29', 7, 3),
(91, '2017-04-29', 8, 3),
(92, '2017-04-29', 3, 4),
(93, '2017-04-29', 6, 3),
(94, '2017-05-01', 5, 1),
(95, '2017-05-01', 7, 1),
(96, '2017-05-01', 6, 1),
(97, '2017-05-01', 8, 1),
(98, '2017-05-01', 4, 1),
(99, '2017-05-01', 3, 1),
(100, '2017-05-02', 7, 2),
(101, '2017-05-02', 8, 1),
(102, '2017-05-02', 5, 1),
(103, '2017-05-02', 4, 1),
(104, '2017-05-02', 6, 1),
(105, '2017-05-02', 3, 1),
(106, '2017-05-03', 3, 8),
(107, '2017-05-03', 8, 3),
(108, '2017-05-03', 4, 8),
(109, '2017-05-03', 7, 2),
(110, '2017-05-03', 5, 3),
(111, '2017-05-03', 6, 4),
(112, '2017-05-04', 3, 3),
(113, '2017-05-04', 7, 1),
(114, '2017-05-04', 8, 1),
(115, '2017-05-04', 5, 1),
(116, '2017-05-04', 4, 2),
(117, '2017-05-04', 6, 1),
(118, '2017-05-05', 4, 1),
(119, '2017-05-05', 5, 1),
(120, '2017-05-05', 8, 1),
(121, '2017-05-05', 3, 1),
(122, '2017-05-05', 7, 1),
(123, '2017-05-05', 6, 1),
(124, '2017-05-07', 6, 1),
(125, '2017-05-07', 3, 1),
(126, '2017-05-07', 8, 2),
(127, '2017-05-07', 7, 1),
(128, '2017-05-07', 5, 1),
(129, '2017-05-07', 4, 1),
(130, '2017-05-08', 3, 1),
(131, '2017-05-08', 6, 1),
(132, '2017-05-08', 7, 1),
(133, '2017-05-08', 5, 1),
(134, '2017-05-08', 4, 1),
(135, '2017-05-08', 8, 1),
(136, '2017-05-10', 5, 2),
(137, '2017-05-10', 3, 1),
(138, '2017-05-10', 6, 1),
(139, '2017-05-10', 4, 1),
(140, '2017-05-10', 7, 1),
(141, '2017-05-10', 8, 1),
(142, '2017-05-11', 7, 1),
(143, '2017-05-11', 5, 1),
(144, '2017-05-12', 7, 2),
(145, '2017-05-12', 6, 1),
(146, '2017-05-12', 8, 2),
(147, '2017-05-12', 4, 2),
(148, '2017-05-12', 3, 2),
(149, '2017-05-12', 5, 2),
(150, '2017-05-14', 4, 1),
(151, '2017-05-14', 8, 1),
(152, '2017-05-15', 5, 1),
(153, '2017-05-15', 6, 2),
(154, '2017-05-15', 8, 1),
(155, '2017-05-15', 3, 2),
(156, '2017-05-15', 4, 2),
(157, '2017-05-15', 7, 1),
(158, '2017-05-16', 6, 2),
(159, '2017-05-16', 7, 2),
(160, '2017-05-16', 8, 1),
(161, '2017-05-16', 3, 1),
(162, '2017-05-16', 5, 1),
(163, '2017-05-16', 4, 1),
(164, '2017-05-17', 5, 6),
(165, '2017-05-17', 6, 2),
(166, '2017-05-17', 8, 3),
(167, '2017-05-17', 7, 16),
(168, '2017-05-17', 4, 8),
(169, '2017-05-17', 3, 21),
(170, '2017-05-18', 7, 6),
(171, '2017-05-18', 5, 2),
(172, '2017-05-18', 4, 1),
(173, '2017-05-18', 8, 5),
(174, '2017-05-19', 7, 9),
(175, '2017-05-19', 6, 1),
(176, '2017-05-20', 4, 1),
(177, '2017-05-20', 5, 1),
(178, '2017-05-20', 3, 1),
(179, '2017-05-20', 8, 1),
(180, '2017-05-21', 7, 1),
(181, '2017-05-21', 4, 1),
(182, '2017-05-21', 8, 1),
(183, '2017-05-21', 3, 1),
(184, '2017-05-21', 5, 1),
(185, '2017-05-21', 6, 2),
(186, '2017-05-22', 4, 1),
(187, '2017-05-22', 6, 1),
(188, '2017-05-22', 3, 1),
(189, '2017-05-22', 8, 1),
(190, '2017-05-22', 5, 1),
(191, '2017-05-22', 7, 1),
(192, '2017-05-23', 7, 5),
(193, '2017-05-23', 5, 4),
(194, '2017-05-23', 6, 1),
(195, '2017-05-23', 8, 1),
(196, '2017-05-23', 3, 1),
(197, '2017-05-24', 4, 1),
(198, '2017-05-24', 7, 2),
(199, '2017-05-24', 6, 1),
(200, '2017-05-24', 5, 1),
(201, '2017-05-25', 4, 1),
(202, '2017-05-25', 7, 3),
(203, '2017-05-25', 5, 1),
(204, '2017-05-26', 7, 32),
(205, '2017-05-26', 8, 4),
(206, '2017-05-26', 5, 10),
(207, '2017-05-26', 3, 6),
(208, '2017-05-26', 6, 1),
(209, '2017-05-26', 4, 2),
(210, '2017-05-27', 6, 2),
(211, '2017-05-27', 7, 2),
(212, '2017-05-27', 5, 1),
(213, '2017-05-27', 4, 1),
(214, '2017-05-27', 3, 1),
(215, '2017-05-27', 8, 1),
(216, '2017-05-28', 3, 11),
(217, '2017-05-28', 7, 5),
(218, '2017-05-28', 4, 3),
(219, '2017-05-28', 5, 6),
(220, '2017-05-28', 8, 2),
(221, '2017-05-29', 5, 1),
(222, '2017-05-29', 8, 1),
(223, '2017-05-29', 7, 1),
(224, '2017-05-29', 4, 1),
(225, '2017-05-29', 6, 1),
(226, '2017-05-29', 3, 1),
(227, '2017-05-30', 4, 2),
(228, '2017-05-30', 6, 1),
(229, '2017-05-30', 3, 1),
(230, '2017-05-30', 5, 2),
(231, '2017-05-30', 8, 1),
(232, '2017-05-30', 7, 1),
(233, '2017-05-31', 4, 1),
(234, '2017-05-31', 8, 1),
(235, '2017-05-31', 6, 1),
(236, '2017-05-31', 7, 1),
(237, '2017-05-31', 3, 2),
(238, '2017-05-31', 5, 3),
(239, '2017-06-01', 8, 1),
(240, '2017-06-01', 7, 1),
(241, '2017-06-01', 6, 1),
(242, '2017-06-01', 5, 1),
(243, '2017-06-01', 4, 1),
(244, '2017-06-01', 3, 1),
(245, '2017-06-02', 5, 2),
(246, '2017-06-02', 7, 2),
(247, '2017-06-02', 8, 2),
(248, '2017-06-02', 4, 2),
(249, '2017-06-02', 3, 3),
(250, '2017-06-02', 6, 3),
(251, '2017-06-03', 3, 2),
(252, '2017-06-03', 7, 6),
(253, '2017-06-03', 6, 8),
(254, '2017-06-03', 5, 4),
(255, '2017-06-03', 4, 2),
(256, '2017-06-03', 8, 1),
(257, '2017-06-04', 7, 2),
(258, '2017-06-04', 4, 2),
(259, '2017-06-04', 5, 2),
(260, '2017-06-04', 6, 1),
(261, '2017-06-04', 8, 1),
(262, '2017-06-04', 3, 1),
(263, '2017-06-05', 5, 7),
(264, '2017-06-05', 7, 3),
(265, '2017-06-05', 6, 1),
(266, '2017-06-05', 4, 1),
(267, '2017-06-06', 5, 2),
(268, '2017-06-07', 5, 4),
(269, '2017-06-07', 6, 2),
(270, '2017-06-07', 3, 5),
(271, '2017-06-07', 8, 2),
(272, '2017-06-07', 7, 3),
(273, '2017-06-07', 4, 4),
(274, '2017-06-08', 5, 6),
(275, '2017-06-08', 4, 6),
(276, '2017-06-08', 6, 8),
(277, '2017-06-08', 3, 2),
(278, '2017-06-08', 8, 1),
(279, '2017-06-08', 7, 5),
(280, '2017-06-09', 3, 3),
(281, '2017-06-09', 8, 1),
(282, '2017-06-09', 6, 1),
(283, '2017-06-09', 7, 2),
(284, '2017-06-09', 5, 2),
(285, '2017-06-09', 4, 1),
(286, '2017-06-10', 7, 3),
(287, '2017-06-10', 3, 1),
(288, '2017-06-10', 5, 1),
(289, '2017-06-11', 3, 1),
(290, '2017-06-11', 4, 1),
(291, '2017-06-11', 7, 1),
(292, '2017-06-11', 8, 1),
(293, '2017-06-12', 7, 6),
(294, '2017-06-12', 5, 4),
(295, '2017-06-12', 3, 1),
(296, '2017-06-12', 8, 1),
(297, '2017-06-13', 8, 3),
(298, '2017-06-13', 7, 1),
(299, '2017-06-13', 3, 1),
(300, '2017-06-14', 5, 2),
(301, '2017-06-14', 7, 4),
(302, '2017-06-14', 8, 1),
(303, '2017-06-15', 5, 3),
(304, '2017-06-15', 7, 3),
(305, '2017-06-15', 6, 1),
(306, '2017-06-16', 6, 2),
(307, '2017-06-16', 8, 1),
(308, '2017-06-16', 7, 1),
(309, '2017-06-17', 5, 3),
(310, '2017-06-17', 7, 2),
(311, '2017-06-17', 3, 9),
(312, '2017-06-17', 4, 1),
(313, '2017-06-17', 6, 2),
(314, '2017-06-18', 3, 4),
(315, '2017-06-18', 8, 1),
(316, '2017-06-18', 7, 1),
(317, '2017-06-19', 8, 3),
(318, '2017-06-19', 7, 6),
(319, '2017-06-19', 3, 15),
(320, '2017-06-19', 5, 2),
(321, '2017-06-19', 4, 1),
(322, '2017-06-20', 3, 2),
(323, '2017-06-21', 3, 3),
(324, '2017-06-21', 4, 1),
(325, '2017-06-21', 7, 1),
(326, '2017-06-22', 3, 1),
(327, '2017-06-23', 7, 1),
(328, '2017-06-23', 8, 1),
(329, '2017-06-23', 3, 1),
(330, '2017-06-23', 5, 1),
(331, '2017-06-24', 6, 1),
(332, '2017-06-25', 4, 1),
(333, '2017-06-25', 7, 2),
(334, '2017-06-25', 8, 2),
(335, '2017-06-25', 3, 5),
(336, '2017-06-26', 7, 4),
(337, '2017-06-26', 8, 1),
(338, '2017-06-27', 8, 1),
(339, '2017-06-27', 7, 1),
(340, '2017-06-27', 4, 1),
(341, '2017-06-27', 5, 1),
(342, '2017-06-28', 5, 1),
(343, '2017-06-28', 7, 1),
(344, '2017-06-28', 8, 1),
(345, '2017-06-28', 4, 1),
(346, '2017-06-30', 8, 1),
(347, '2017-06-30', 7, 1),
(348, '2017-07-02', 8, 1),
(349, '2017-07-02', 7, 1),
(350, '2017-07-03', 6, 1),
(351, '2017-07-03', 5, 1),
(352, '2017-07-03', 4, 1),
(353, '2017-07-03', 3, 1),
(354, '2017-07-03', 7, 1),
(355, '2017-07-03', 8, 1),
(356, '2017-07-05', 8, 1),
(357, '2017-07-05', 7, 1),
(358, '2017-07-05', 3, 1),
(359, '2017-07-06', 7, 2),
(360, '2017-07-06', 3, 1),
(361, '2017-07-06', 8, 1),
(362, '2017-07-07', 8, 2),
(363, '2017-07-07', 7, 3),
(364, '2017-07-08', 7, 4),
(365, '2017-07-08', 8, 1),
(366, '2017-07-09', 7, 2),
(367, '2017-07-09', 8, 2),
(368, '2017-07-11', 4, 1),
(369, '2017-07-12', 7, 1),
(370, '2017-07-12', 8, 1),
(371, '2017-07-13', 8, 2),
(372, '2017-07-15', 8, 5),
(373, '2017-07-15', 7, 4),
(374, '2017-07-16', 8, 3),
(375, '2017-07-16', 7, 2),
(376, '2017-07-17', 8, 2),
(377, '2017-07-17', 7, 1),
(378, '2017-07-17', 5, 1),
(379, '2017-07-18', 7, 1),
(380, '2017-07-19', 8, 1),
(381, '2017-07-19', 6, 1),
(382, '2017-07-20', 6, 1),
(383, '2017-07-20', 4, 1),
(384, '2017-07-21', 8, 1),
(385, '2017-07-21', 7, 2),
(386, '2017-07-22', 7, 3),
(387, '2017-07-23', 5, 1),
(388, '2017-07-24', 8, 1),
(389, '2017-07-24', 6, 1),
(390, '2017-07-24', 4, 1),
(391, '2017-07-24', 3, 1),
(392, '2017-07-25', 7, 1),
(393, '2017-07-25', 4, 1),
(394, '2017-07-25', 3, 1),
(395, '2017-07-26', 7, 4),
(396, '2017-07-26', 4, 2),
(397, '2017-07-26', 5, 2),
(398, '2017-07-26', 8, 1),
(399, '2017-07-26', 3, 1),
(400, '2017-07-26', 6, 1),
(401, '2017-07-28', 8, 1),
(402, '2017-07-28', 7, 1),
(403, '2017-07-30', 5, 2),
(404, '2017-07-30', 8, 1),
(405, '2017-07-31', 9, 3),
(406, '2017-08-01', 5, 1),
(407, '2017-08-01', 10, 1),
(408, '2017-08-01', 7, 2),
(409, '2017-08-02', 8, 1),
(410, '2017-08-02', 9, 2),
(411, '2017-08-02', 10, 2),
(412, '2017-08-02', 7, 2),
(413, '2017-08-02', 172, 1),
(414, '2017-08-02', 169, 1),
(415, '2017-08-02', 210, 3),
(416, '2017-08-02', 211, 6),
(417, '2017-08-02', 225, 1),
(418, '2017-08-02', 236, 3),
(419, '2017-08-02', 230, 1),
(420, '2017-08-02', 228, 4),
(421, '2017-08-02', 245, 1),
(422, '2017-08-02', 237, 1),
(423, '2017-08-02', 246, 2),
(424, '2017-08-02', 243, 1),
(425, '2017-08-02', 213, 2),
(426, '2017-08-02', 250, 30),
(427, '2017-08-02', 232, 1),
(428, '2017-08-02', 247, 1),
(429, '2017-08-02', 263, 3),
(430, '2017-08-03', 263, 6),
(431, '2017-08-03', 250, 8),
(432, '2017-08-03', 273, 3),
(433, '2017-08-03', 281, 1),
(434, '2017-08-03', 228, 2),
(435, '2017-08-03', 236, 1),
(436, '2017-08-03', 237, 1),
(437, '2017-08-03', 238, 1),
(438, '2017-08-03', 230, 1),
(439, '2017-08-03', 225, 1),
(440, '2017-08-03', 211, 1),
(441, '2017-08-03', 248, 1),
(442, '2017-08-03', 249, 1),
(443, '2017-08-03', 210, 1),
(444, '2017-08-03', 219, 1),
(445, '2017-08-03', 213, 1),
(446, '2017-08-03', 212, 1),
(447, '2017-08-03', 234, 1),
(448, '2017-08-03', 218, 1),
(449, '2017-08-03', 240, 1),
(450, '2017-08-03', 217, 1),
(451, '2017-08-03', 216, 1),
(452, '2017-08-03', 215, 1),
(453, '2017-08-03', 235, 1),
(454, '2017-08-03', 232, 1),
(455, '2017-08-03', 286, 1),
(456, '2017-08-03', 280, 1),
(457, '2017-08-03', 261, 1),
(458, '2017-08-03', 262, 1),
(459, '2017-08-03', 264, 1),
(460, '2017-08-03', 265, 1),
(461, '2017-08-03', 266, 1),
(462, '2017-08-03', 267, 1),
(463, '2017-08-03', 268, 1),
(464, '2017-08-03', 269, 1),
(465, '2017-08-03', 270, 1),
(466, '2017-08-03', 271, 1),
(467, '2017-08-03', 272, 1),
(468, '2017-08-03', 256, 1),
(469, '2017-08-03', 257, 1),
(470, '2017-08-03', 258, 1),
(471, '2017-08-03', 259, 1),
(472, '2017-08-03', 260, 1),
(473, '2017-08-03', 278, 1),
(474, '2017-08-03', 275, 1),
(475, '2017-08-03', 276, 1),
(476, '2017-08-03', 277, 1),
(477, '2017-08-03', 274, 1),
(478, '2017-08-03', 279, 1),
(479, '2017-08-04', 225, 1),
(480, '2017-08-04', 263, 3),
(481, '2017-08-04', 282, 1),
(482, '2017-08-04', 283, 1),
(483, '2017-08-04', 284, 1),
(484, '2017-08-04', 285, 1),
(485, '2017-08-04', 286, 1),
(486, '2017-08-04', 287, 1),
(487, '2017-08-04', 289, 1),
(488, '2017-08-04', 288, 2),
(489, '2017-08-04', 268, 1),
(490, '2017-08-05', 279, 2),
(491, '2017-08-05', 236, 1),
(492, '2017-08-05', 228, 1),
(493, '2017-08-05', 230, 1),
(494, '2017-08-05', 213, 1),
(495, '2017-08-05', 232, 1),
(496, '2017-08-05', 211, 1),
(497, '2017-08-05', 210, 1),
(498, '2017-08-05', 250, 1),
(499, '2017-08-05', 280, 1),
(500, '2017-08-05', 237, 1),
(501, '2017-08-05', 225, 1),
(502, '2017-08-05', 257, 1),
(503, '2017-08-05', 256, 1),
(504, '2017-08-05', 258, 1),
(505, '2017-08-05', 287, 1),
(506, '2017-08-05', 262, 1),
(507, '2017-08-05', 276, 1),
(508, '2017-08-05', 277, 1),
(509, '2017-08-05', 260, 1),
(510, '2017-08-05', 289, 1),
(511, '2017-08-05', 285, 1),
(512, '2017-08-05', 286, 1),
(513, '2017-08-05', 261, 1),
(514, '2017-08-05', 283, 1),
(515, '2017-08-05', 273, 1),
(516, '2017-08-05', 275, 1),
(517, '2017-08-05', 282, 1),
(518, '2017-08-05', 270, 1),
(519, '2017-08-05', 284, 1),
(520, '2017-08-05', 259, 1),
(521, '2017-08-05', 271, 1),
(522, '2017-08-05', 269, 1),
(523, '2017-08-05', 278, 1),
(524, '2017-08-05', 272, 1),
(525, '2017-08-05', 274, 1),
(526, '2017-08-05', 290, 1),
(527, '2017-08-06', 213, 1),
(528, '2017-08-06', 228, 1),
(529, '2017-08-06', 288, 1),
(530, '2017-08-06', 289, 1),
(531, '2017-08-07', 279, 2),
(532, '2017-08-07', 290, 2),
(533, '2017-08-07', 273, 1),
(534, '2017-08-07', 274, 1),
(535, '2017-08-07', 289, 1),
(536, '2017-08-07', 287, 1),
(537, '2017-08-07', 285, 1),
(538, '2017-08-07', 284, 1),
(539, '2017-08-07', 288, 1),
(540, '2017-08-07', 286, 1),
(541, '2017-08-07', 283, 1),
(542, '2017-08-07', 278, 1),
(543, '2017-08-07', 280, 1),
(544, '2017-08-07', 282, 1),
(545, '2017-08-07', 230, 1),
(546, '2017-08-08', 250, 1),
(547, '2017-08-08', 279, 2),
(548, '2017-08-08', 228, 1),
(549, '2017-08-09', 279, 2),
(550, '2017-08-09', 290, 1),
(551, '2017-08-09', 289, 1),
(552, '2017-08-09', 288, 1),
(553, '2017-08-09', 287, 1),
(554, '2017-08-09', 286, 1),
(555, '2017-08-09', 276, 1),
(556, '2017-08-10', 228, 1),
(557, '2017-08-10', 287, 1),
(558, '2017-08-10', 250, 1),
(559, '2017-08-10', 279, 2),
(560, '2017-08-10', 285, 1),
(561, '2017-08-11', 279, 2),
(562, '2017-08-11', 225, 1),
(563, '2017-08-12', 261, 1),
(564, '2017-08-12', 287, 1),
(565, '2017-08-12', 289, 1),
(566, '2017-08-12', 274, 1),
(567, '2017-08-12', 284, 1),
(568, '2017-08-12', 269, 1),
(569, '2017-08-12', 276, 1),
(570, '2017-08-12', 273, 1),
(571, '2017-08-12', 228, 1),
(572, '2017-08-12', 271, 1),
(573, '2017-08-12', 272, 1),
(574, '2017-08-12', 213, 1),
(575, '2017-08-12', 275, 1),
(576, '2017-08-12', 286, 1),
(577, '2017-08-12', 236, 1),
(578, '2017-08-12', 288, 1),
(579, '2017-08-12', 278, 1),
(580, '2017-08-12', 237, 1),
(581, '2017-08-12', 277, 1),
(582, '2017-08-12', 279, 1),
(583, '2017-08-12', 282, 1),
(584, '2017-08-12', 259, 1),
(585, '2017-08-12', 232, 1),
(586, '2017-08-12', 230, 1),
(587, '2017-08-12', 283, 1),
(588, '2017-08-12', 285, 1),
(589, '2017-08-12', 225, 2),
(590, '2017-08-12', 270, 1),
(591, '2017-08-12', 280, 1),
(592, '2017-08-12', 211, 1),
(593, '2017-08-13', 210, 1),
(594, '2017-08-14', 279, 1),
(595, '2017-08-17', 290, 1),
(596, '2017-08-18', 279, 1),
(597, '2017-08-18', 250, 1),
(598, '2017-08-18', 211, 5),
(599, '2017-08-18', 289, 2),
(600, '2017-08-18', 225, 4),
(601, '2017-08-18', 273, 1),
(602, '2017-08-18', 274, 1),
(603, '2017-08-18', 236, 1),
(604, '2017-08-18', 290, 1),
(605, '2017-08-18', 288, 1),
(606, '2017-08-18', 287, 1),
(607, '2017-08-18', 285, 1),
(608, '2017-08-18', 286, 1),
(609, '2017-08-18', 284, 1),
(610, '2017-08-18', 282, 1),
(611, '2017-08-18', 283, 2),
(612, '2017-08-19', 250, 1),
(613, '2017-08-19', 283, 1),
(614, '2017-08-20', 261, 1),
(615, '2017-08-21', 263, 3),
(616, '2017-08-21', 287, 4),
(617, '2017-08-21', 273, 2),
(618, '2017-08-21', 274, 2),
(619, '2017-08-21', 211, 2),
(620, '2017-08-21', 225, 2),
(621, '2017-08-21', 290, 2),
(622, '2017-08-21', 236, 2),
(623, '2017-08-21', 289, 2),
(624, '2017-08-21', 288, 2),
(625, '2017-08-21', 285, 2),
(626, '2017-08-21', 286, 2),
(627, '2017-08-21', 283, 2),
(628, '2017-08-21', 284, 2),
(629, '2017-08-21', 282, 1),
(630, '2017-08-21', 213, 1),
(631, '2017-08-21', 228, 1),
(632, '2017-08-23', 225, 1),
(633, '2017-08-23', 286, 1),
(634, '2017-08-23', 236, 1),
(635, '2017-08-24', 261, 1),
(636, '2017-08-24', 225, 2),
(637, '2017-08-24', 273, 1),
(638, '2017-08-24', 274, 1),
(639, '2017-08-24', 211, 1),
(640, '2017-08-24', 290, 1),
(641, '2017-08-24', 236, 1),
(642, '2017-08-24', 289, 1),
(643, '2017-08-24', 287, 1),
(644, '2017-08-24', 286, 1),
(645, '2017-08-24', 288, 1),
(646, '2017-08-24', 283, 1),
(647, '2017-08-24', 284, 1),
(648, '2017-08-24', 285, 1),
(649, '2017-08-25', 290, 1),
(650, '2017-08-25', 261, 1),
(651, '2017-08-27', 279, 1),
(652, '2017-08-27', 250, 1),
(653, '2017-08-29', 272, 1),
(654, '2017-08-31', 278, 1),
(655, '2017-08-31', 284, 1),
(656, '2017-08-31', 283, 1),
(657, '2017-08-31', 211, 1),
(658, '2017-08-31', 213, 1),
(659, '2017-08-31', 273, 2),
(660, '2017-09-01', 236, 1),
(661, '2017-09-01', 261, 1),
(662, '2017-09-01', 286, 1),
(663, '2017-09-01', 230, 1),
(664, '2017-09-02', 277, 1),
(665, '2017-09-02', 236, 1),
(666, '2017-09-03', 256, 1),
(667, '2017-09-03', 250, 1),
(668, '2017-09-03', 283, 1),
(669, '2017-09-04', 257, 1),
(670, '2017-09-04', 250, 1),
(671, '2017-09-05', 273, 1),
(672, '2017-09-05', 274, 1),
(673, '2017-09-05', 211, 1),
(674, '2017-09-05', 225, 1),
(675, '2017-09-05', 289, 1),
(676, '2017-09-05', 236, 1),
(677, '2017-09-05', 290, 1),
(678, '2017-09-05', 285, 1),
(679, '2017-09-05', 287, 1),
(680, '2017-09-05', 288, 1),
(681, '2017-09-05', 284, 1),
(682, '2017-09-05', 286, 1),
(683, '2017-09-05', 283, 1),
(684, '2017-09-05', 282, 1),
(685, '2017-09-06', 259, 1),
(686, '2017-09-07', 259, 2),
(687, '2017-09-07', 288, 1),
(688, '2017-09-07', 290, 1),
(689, '2017-09-07', 279, 1),
(690, '2017-09-07', 274, 1),
(691, '2017-09-08', 279, 3),
(692, '2017-09-08', 211, 3),
(693, '2017-09-08', 225, 3),
(694, '2017-09-08', 236, 3),
(695, '2017-09-08', 290, 3),
(696, '2017-09-08', 289, 3),
(697, '2017-09-08', 288, 3),
(698, '2017-09-08', 287, 3),
(699, '2017-09-08', 286, 3),
(700, '2017-09-08', 285, 3),
(701, '2017-09-08', 284, 3),
(702, '2017-09-08', 283, 3),
(703, '2017-09-08', 282, 3),
(704, '2017-09-08', 280, 2),
(705, '2017-09-08', 278, 2),
(706, '2017-09-08', 277, 2),
(707, '2017-09-08', 276, 2),
(708, '2017-09-08', 275, 2),
(709, '2017-09-08', 273, 1),
(710, '2017-09-08', 274, 1),
(711, '2017-09-09', 213, 1),
(712, '2017-09-10', 230, 1),
(713, '2017-09-10', 261, 1),
(714, '2017-09-10', 228, 1),
(715, '2017-09-10', 258, 1),
(716, '2017-09-11', 259, 1),
(717, '2017-09-11', 250, 1),
(718, '2017-09-11', 225, 1),
(719, '2017-09-11', 260, 1),
(720, '2017-09-13', 276, 1),
(721, '2017-09-14', 259, 1),
(722, '2017-09-14', 284, 1),
(723, '2017-09-15', 211, 3),
(724, '2017-09-15', 273, 1),
(725, '2017-09-15', 274, 1),
(726, '2017-09-15', 225, 1),
(727, '2017-09-15', 236, 2),
(728, '2017-09-15', 290, 1),
(729, '2017-09-15', 286, 1),
(730, '2017-09-15', 287, 1),
(731, '2017-09-15', 289, 1),
(732, '2017-09-15', 285, 1),
(733, '2017-09-15', 288, 1),
(734, '2017-09-15', 284, 1),
(735, '2017-09-15', 283, 1),
(736, '2017-09-15', 282, 1),
(737, '2017-09-15', 230, 1),
(738, '2017-09-16', 225, 1),
(739, '2017-09-16', 279, 1),
(740, '2017-09-16', 210, 1),
(741, '2017-09-16', 211, 1),
(742, '2017-09-16', 283, 1),
(743, '2017-09-16', 228, 1),
(744, '2017-09-16', 232, 1),
(745, '2017-09-16', 262, 1),
(746, '2017-09-16', 289, 1),
(747, '2017-09-16', 271, 1),
(748, '2017-09-17', 273, 1),
(749, '2017-09-17', 272, 1),
(750, '2017-09-17', 289, 1),
(751, '2017-09-17', 261, 1),
(752, '2017-09-17', 256, 1),
(753, '2017-09-17', 275, 1),
(754, '2017-09-17', 276, 1),
(755, '2017-09-17', 264, 1),
(756, '2017-09-17', 258, 1),
(757, '2017-09-17', 260, 1),
(758, '2017-09-17', 225, 1),
(759, '2017-09-17', 288, 1),
(760, '2017-09-17', 278, 1),
(761, '2017-09-18', 237, 1),
(762, '2017-09-18', 269, 1),
(763, '2017-09-18', 286, 1),
(764, '2017-09-18', 277, 1),
(765, '2017-09-18', 282, 1),
(766, '2017-09-18', 284, 1),
(767, '2017-09-18', 280, 2),
(768, '2017-09-18', 279, 1),
(769, '2017-09-18', 211, 1),
(770, '2017-09-18', 225, 1),
(771, '2017-09-18', 236, 1),
(772, '2017-09-18', 290, 4),
(773, '2017-09-18', 289, 2),
(774, '2017-09-18', 259, 1),
(775, '2017-09-18', 285, 1),
(776, '2017-09-18', 250, 1),
(777, '2017-09-18', 275, 1),
(778, '2017-09-18', 263, 2),
(779, '2017-09-18', 270, 1),
(780, '2017-09-19', 273, 1),
(781, '2017-09-19', 259, 1),
(782, '2017-09-19', 290, 1),
(783, '2017-09-19', 279, 1),
(784, '2017-09-20', 290, 1),
(785, '2017-09-21', 272, 1),
(786, '2017-09-21', 290, 1),
(787, '2017-09-21', 263, 1),
(788, '2017-09-21', 250, 1),
(789, '2017-09-22', 290, 1),
(790, '2017-09-22', 236, 1),
(791, '2017-09-22', 262, 1),
(792, '2017-09-23', 228, 1),
(793, '2017-09-23', 273, 1),
(794, '2017-09-23', 274, 1),
(795, '2017-09-23', 211, 1),
(796, '2017-09-23', 225, 1),
(797, '2017-09-23', 236, 1),
(798, '2017-09-23', 290, 1),
(799, '2017-09-23', 289, 1),
(800, '2017-09-23', 288, 1),
(801, '2017-09-23', 287, 1),
(802, '2017-09-23', 286, 1),
(803, '2017-09-23', 285, 1),
(804, '2017-09-23', 284, 1),
(805, '2017-09-23', 283, 1),
(806, '2017-09-23', 282, 1),
(807, '2017-09-24', 213, 1),
(808, '2017-09-25', 277, 1),
(809, '2017-09-25', 290, 1),
(810, '2017-09-25', 271, 1),
(811, '2017-09-25', 213, 1),
(812, '2017-09-25', 264, 1),
(813, '2017-09-25', 274, 1),
(814, '2017-09-26', 273, 1),
(815, '2017-09-26', 274, 1),
(816, '2017-09-26', 211, 1),
(817, '2017-09-26', 236, 1),
(818, '2017-09-26', 290, 1),
(819, '2017-09-26', 225, 1),
(820, '2017-09-26', 289, 1),
(821, '2017-09-26', 288, 1),
(822, '2017-09-26', 287, 1),
(823, '2017-09-26', 285, 1),
(824, '2017-09-26', 286, 1),
(825, '2017-09-26', 284, 1),
(826, '2017-09-26', 283, 1),
(827, '2017-09-26', 282, 1),
(828, '2017-09-26', 277, 1),
(829, '2017-09-26', 278, 1),
(830, '2017-09-26', 260, 1),
(831, '2017-09-27', 290, 1),
(832, '2017-09-27', 230, 1),
(833, '2017-09-27', 276, 1),
(834, '2017-09-28', 225, 2),
(835, '2017-09-28', 230, 1),
(836, '2017-09-28', 287, 1),
(837, '2017-09-28', 228, 2),
(838, '2017-09-28', 286, 1),
(839, '2017-09-28', 213, 2),
(840, '2017-09-28', 262, 1),
(841, '2017-09-28', 211, 1),
(842, '2017-09-28', 259, 1),
(843, '2017-09-29', 225, 2),
(844, '2017-09-29', 274, 1),
(845, '2017-09-29', 273, 1),
(846, '2017-09-29', 211, 1),
(847, '2017-09-29', 236, 1),
(848, '2017-09-29', 290, 1),
(849, '2017-09-29', 289, 1),
(850, '2017-09-29', 288, 1),
(851, '2017-09-29', 287, 1),
(852, '2017-09-29', 286, 1),
(853, '2017-09-29', 285, 1),
(854, '2017-09-29', 284, 1),
(855, '2017-09-29', 283, 1),
(856, '2017-09-29', 282, 1),
(857, '2017-09-30', 211, 1),
(858, '2017-09-30', 287, 1),
(859, '2017-09-30', 282, 1),
(860, '2017-10-01', 236, 1),
(861, '2017-10-01', 282, 1),
(862, '2017-10-02', 230, 1),
(863, '2017-10-02', 236, 2),
(864, '2017-10-02', 278, 1),
(865, '2017-10-02', 284, 2),
(866, '2017-10-02', 283, 2),
(867, '2017-10-02', 211, 2),
(868, '2017-10-02', 225, 2),
(869, '2017-10-02', 213, 1),
(870, '2017-10-02', 290, 2),
(871, '2017-10-02', 273, 1),
(872, '2017-10-02', 274, 1),
(873, '2017-10-02', 289, 1),
(874, '2017-10-02', 288, 1),
(875, '2017-10-02', 287, 1),
(876, '2017-10-02', 285, 1),
(877, '2017-10-02', 286, 1),
(878, '2017-10-02', 282, 1),
(879, '2017-10-03', 236, 2),
(880, '2017-10-03', 228, 1),
(881, '2017-10-03', 213, 1),
(882, '2017-10-03', 211, 2),
(883, '2017-10-03', 290, 2),
(884, '2017-10-03', 250, 1),
(885, '2017-10-03', 280, 1),
(886, '2017-10-03', 279, 2),
(887, '2017-10-03', 225, 2),
(888, '2017-10-03', 287, 1),
(889, '2017-10-03', 288, 1),
(890, '2017-10-03', 276, 1),
(891, '2017-10-03', 277, 1),
(892, '2017-10-04', 289, 1),
(893, '2017-10-04', 285, 1),
(894, '2017-10-04', 286, 1),
(895, '2017-10-04', 225, 1),
(896, '2017-10-04', 283, 1),
(897, '2017-10-04', 273, 1),
(898, '2017-10-04', 275, 1),
(899, '2017-10-04', 261, 2),
(900, '2017-10-04', 282, 1),
(901, '2017-10-04', 269, 1),
(902, '2017-10-05', 230, 1),
(903, '2017-10-05', 264, 1),
(904, '2017-10-05', 287, 2),
(905, '2017-10-05', 225, 3),
(906, '2017-10-05', 273, 1),
(907, '2017-10-05', 274, 1),
(908, '2017-10-05', 211, 1),
(909, '2017-10-05', 236, 1),
(910, '2017-10-05', 290, 1),
(911, '2017-10-05', 289, 1),
(912, '2017-10-05', 288, 1),
(913, '2017-10-05', 286, 1),
(914, '2017-10-05', 285, 1),
(915, '2017-10-05', 284, 1),
(916, '2017-10-05', 283, 1),
(917, '2017-10-05', 282, 1),
(918, '2017-10-05', 276, 1),
(919, '2017-10-05', 237, 1),
(920, '2017-10-05', 213, 1),
(921, '2017-10-05', 278, 5),
(922, '2017-10-06', 284, 1),
(923, '2017-10-06', 276, 1),
(924, '2017-10-06', 259, 1),
(925, '2017-10-06', 278, 3),
(926, '2017-10-06', 274, 1),
(927, '2017-10-06', 213, 1),
(928, '2017-10-07', 278, 2),
(929, '2017-10-08', 273, 1),
(930, '2017-10-08', 274, 1),
(931, '2017-10-08', 211, 1),
(932, '2017-10-08', 225, 1),
(933, '2017-10-08', 236, 1),
(934, '2017-10-08', 290, 1),
(935, '2017-10-08', 289, 1),
(936, '2017-10-08', 288, 1),
(937, '2017-10-08', 287, 1),
(938, '2017-10-08', 286, 1),
(939, '2017-10-08', 285, 1),
(940, '2017-10-08', 284, 1),
(941, '2017-10-08', 283, 1),
(942, '2017-10-08', 282, 1),
(943, '2017-10-08', 264, 1),
(944, '2017-10-09', 287, 1),
(945, '2017-10-09', 213, 2),
(946, '2017-10-09', 236, 1),
(947, '2017-10-09', 278, 1),
(948, '2017-10-09', 284, 1),
(949, '2017-10-09', 283, 1),
(950, '2017-10-09', 211, 2),
(951, '2017-10-09', 225, 1),
(952, '2017-10-10', 279, 1),
(953, '2017-10-10', 230, 1),
(954, '2017-10-10', 289, 1),
(955, '2017-10-11', 273, 1),
(956, '2017-10-11', 274, 1),
(957, '2017-10-11', 211, 1),
(958, '2017-10-11', 236, 1),
(959, '2017-10-11', 225, 1),
(960, '2017-10-11', 290, 1),
(961, '2017-10-11', 289, 2),
(962, '2017-10-11', 288, 1),
(963, '2017-10-11', 287, 1),
(964, '2017-10-11', 286, 1),
(965, '2017-10-11', 285, 1),
(966, '2017-10-11', 284, 2),
(967, '2017-10-11', 283, 1),
(968, '2017-10-11', 282, 1),
(969, '2017-10-12', 282, 2),
(970, '2017-10-12', 228, 1),
(971, '2017-10-12', 236, 1),
(972, '2017-10-12', 277, 1),
(973, '2017-10-12', 276, 1),
(974, '2017-10-12', 274, 1),
(975, '2017-10-12', 279, 1),
(976, '2017-10-12', 270, 1),
(977, '2017-10-12', 287, 1),
(978, '2017-10-12', 273, 1),
(979, '2017-10-12', 289, 1),
(980, '2017-10-13', 278, 1),
(981, '2017-10-13', 276, 1),
(982, '2017-10-13', 287, 1),
(983, '2017-10-14', 273, 1),
(984, '2017-10-14', 274, 1),
(985, '2017-10-14', 211, 1),
(986, '2017-10-14', 225, 1),
(987, '2017-10-14', 236, 1),
(988, '2017-10-14', 290, 1),
(989, '2017-10-14', 289, 1),
(990, '2017-10-14', 288, 2),
(991, '2017-10-14', 287, 1),
(992, '2017-10-14', 286, 1),
(993, '2017-10-14', 284, 1),
(994, '2017-10-14', 285, 1),
(995, '2017-10-14', 283, 1),
(996, '2017-10-14', 282, 1),
(997, '2017-10-14', 230, 1),
(998, '2017-10-15', 278, 1),
(999, '2017-10-15', 276, 1),
(1000, '2017-10-16', 230, 1),
(1001, '2017-10-16', 274, 1),
(1002, '2017-10-16', 211, 1),
(1003, '2017-10-17', 290, 2),
(1004, '2017-10-17', 283, 2),
(1005, '2017-10-17', 269, 1),
(1006, '2017-10-17', 270, 2),
(1007, '2017-10-17', 286, 2),
(1008, '2017-10-17', 273, 1),
(1009, '2017-10-17', 274, 1),
(1010, '2017-10-17', 211, 1),
(1011, '2017-10-17', 225, 1),
(1012, '2017-10-17', 236, 1),
(1013, '2017-10-17', 289, 1),
(1014, '2017-10-17', 288, 1),
(1015, '2017-10-17', 287, 1),
(1016, '2017-10-17', 285, 1),
(1017, '2017-10-17', 284, 1),
(1018, '2017-10-17', 282, 1),
(1019, '2017-10-18', 272, 1),
(1020, '2017-10-18', 290, 1),
(1021, '2017-10-19', 279, 1),
(1022, '2017-10-19', 273, 1),
(1023, '2017-10-19', 250, 3),
(1024, '2017-10-19', 289, 1),
(1025, '2017-10-19', 211, 1),
(1026, '2017-10-20', 225, 1),
(1027, '2017-10-20', 228, 1),
(1028, '2017-10-20', 283, 1),
(1029, '2017-10-20', 269, 1),
(1030, '2017-10-21', 273, 1),
(1031, '2017-10-21', 274, 1),
(1032, '2017-10-21', 225, 1),
(1033, '2017-10-21', 236, 1),
(1034, '2017-10-21', 211, 1),
(1035, '2017-10-21', 290, 1),
(1036, '2017-10-21', 289, 1),
(1037, '2017-10-21', 288, 1),
(1038, '2017-10-21', 287, 1),
(1039, '2017-10-21', 286, 2),
(1040, '2017-10-21', 285, 1),
(1041, '2017-10-21', 284, 1),
(1042, '2017-10-21', 283, 1),
(1043, '2017-10-21', 282, 1),
(1044, '2017-10-21', 278, 1),
(1045, '2017-10-21', 228, 1),
(1046, '2017-10-22', 259, 2),
(1047, '2017-10-22', 261, 2),
(1048, '2017-10-22', 284, 1),
(1049, '2017-10-22', 228, 4),
(1050, '2017-10-22', 257, 2),
(1051, '2017-10-22', 237, 1),
(1052, '2017-10-22', 238, 1),
(1053, '2017-10-22', 230, 1),
(1054, '2017-10-22', 248, 1),
(1055, '2017-10-22', 249, 1),
(1056, '2017-10-22', 262, 1),
(1057, '2017-10-22', 264, 1),
(1058, '2017-10-22', 265, 1),
(1059, '2017-10-22', 266, 1),
(1060, '2017-10-22', 267, 1),
(1061, '2017-10-22', 268, 1),
(1062, '2017-10-22', 269, 1),
(1063, '2017-10-22', 256, 1),
(1064, '2017-10-22', 258, 1),
(1065, '2017-10-22', 260, 1),
(1066, '2017-10-22', 210, 1),
(1067, '2017-10-22', 219, 1),
(1068, '2017-10-22', 212, 1),
(1069, '2017-10-22', 234, 1),
(1070, '2017-10-22', 218, 1),
(1071, '2017-10-22', 240, 1),
(1072, '2017-10-22', 217, 1),
(1073, '2017-10-22', 216, 1),
(1074, '2017-10-22', 215, 1),
(1075, '2017-10-22', 235, 1),
(1076, '2017-10-22', 232, 1),
(1077, '2017-10-22', 236, 2),
(1078, '2017-10-22', 280, 2),
(1079, '2017-10-22', 225, 2),
(1080, '2017-10-22', 211, 2),
(1081, '2017-10-22', 250, 2),
(1082, '2017-10-22', 270, 1),
(1083, '2017-10-22', 271, 1),
(1084, '2017-10-22', 272, 1),
(1085, '2017-10-22', 273, 1),
(1086, '2017-10-22', 278, 1),
(1087, '2017-10-22', 275, 2),
(1088, '2017-10-22', 276, 1),
(1089, '2017-10-22', 277, 1),
(1090, '2017-10-22', 274, 1),
(1091, '2017-10-22', 279, 2),
(1092, '2017-10-22', 213, 2),
(1093, '2017-10-22', 285, 1),
(1094, '2017-10-22', 283, 1),
(1095, '2017-10-22', 290, 1),
(1096, '2017-10-22', 286, 1),
(1097, '2017-10-23', 250, 1),
(1098, '2017-10-23', 228, 1),
(1099, '2017-10-23', 282, 1),
(1100, '2017-10-23', 283, 1),
(1101, '2017-10-23', 284, 1),
(1102, '2017-10-23', 285, 2),
(1103, '2017-10-23', 286, 1),
(1104, '2017-10-23', 287, 1),
(1105, '2017-10-23', 261, 1),
(1106, '2017-10-24', 277, 1),
(1107, '2017-10-24', 289, 1),
(1108, '2017-10-24', 261, 1),
(1109, '2017-10-24', 230, 1),
(1110, '2017-10-24', 250, 1),
(1111, '2017-10-24', 279, 1),
(1112, '2017-10-24', 290, 1),
(1113, '2017-10-24', 263, 6),
(1114, '2017-10-24', 225, 1),
(1115, '2017-10-25', 263, 4),
(1116, '2017-10-25', 288, 2),
(1117, '2017-10-25', 289, 4),
(1118, '2017-10-25', 286, 2),
(1119, '2017-10-25', 271, 1),
(1120, '2017-10-25', 273, 1),
(1121, '2017-10-25', 274, 1),
(1122, '2017-10-25', 211, 1),
(1123, '2017-10-25', 225, 1),
(1124, '2017-10-25', 236, 1),
(1125, '2017-10-25', 290, 1),
(1126, '2017-10-25', 287, 1),
(1127, '2017-10-25', 285, 1),
(1128, '2017-10-25', 284, 1),
(1129, '2017-10-25', 283, 1),
(1130, '2017-10-25', 282, 1),
(1131, '2017-10-26', 288, 1),
(1132, '2017-10-26', 289, 1),
(1133, '2017-10-26', 277, 1),
(1134, '2017-10-26', 290, 1),
(1135, '2017-10-27', 277, 1),
(1136, '2017-10-27', 272, 1),
(1137, '2017-10-27', 263, 1),
(1138, '2017-10-28', 213, 1),
(1139, '2017-10-28', 280, 1),
(1140, '2017-10-29', 280, 1),
(1141, '2017-10-29', 250, 2),
(1142, '2017-10-30', 211, 1),
(1143, '2017-10-30', 225, 1),
(1144, '2017-10-30', 236, 1),
(1145, '2017-10-30', 290, 1),
(1146, '2017-10-30', 289, 1),
(1147, '2017-10-30', 288, 1),
(1148, '2017-10-30', 287, 1),
(1149, '2017-10-30', 286, 1),
(1150, '2017-10-30', 285, 2),
(1151, '2017-10-30', 284, 1),
(1152, '2017-10-30', 283, 1),
(1153, '2017-10-30', 282, 1),
(1154, '2017-10-30', 280, 1),
(1155, '2017-10-30', 279, 1),
(1156, '2017-10-30', 278, 1),
(1157, '2017-10-30', 277, 2),
(1158, '2017-10-30', 276, 1),
(1159, '2017-10-30', 275, 1),
(1160, '2017-10-30', 274, 1),
(1161, '2017-10-30', 273, 1),
(1162, '2017-10-30', 272, 1),
(1163, '2017-10-30', 271, 1),
(1164, '2017-10-30', 270, 1),
(1165, '2017-10-30', 213, 1),
(1166, '2017-10-31', 282, 2),
(1167, '2017-10-31', 272, 1),
(1168, '2017-10-31', 273, 1),
(1169, '2017-10-31', 274, 2),
(1170, '2017-10-31', 211, 1),
(1171, '2017-10-31', 225, 1),
(1172, '2017-10-31', 236, 1),
(1173, '2017-10-31', 290, 3),
(1174, '2017-10-31', 289, 5),
(1175, '2017-10-31', 288, 1),
(1176, '2017-10-31', 287, 1),
(1177, '2017-10-31', 286, 1),
(1178, '2017-10-31', 285, 1),
(1179, '2017-10-31', 284, 1),
(1180, '2017-10-31', 283, 1),
(1181, '2017-10-31', 280, 1),
(1182, '2017-10-31', 262, 1),
(1183, '2017-10-31', 263, 2),
(1184, '2017-10-31', 251, 1),
(1185, '2017-11-01', 273, 1),
(1186, '2017-11-01', 282, 1),
(1187, '2017-11-02', 280, 1),
(1188, '2017-11-02', 213, 1),
(1189, '2017-11-03', 279, 1),
(1190, '2017-11-03', 213, 1),
(1191, '2017-11-03', 271, 1),
(1192, '2017-11-04', 213, 1),
(1193, '2017-11-04', 273, 1),
(1194, '2017-11-04', 274, 1),
(1195, '2017-11-04', 211, 1),
(1196, '2017-11-04', 225, 1),
(1197, '2017-11-04', 290, 1),
(1198, '2017-11-04', 236, 1),
(1199, '2017-11-04', 289, 1),
(1200, '2017-11-04', 288, 1),
(1201, '2017-11-04', 287, 1),
(1202, '2017-11-04', 286, 1),
(1203, '2017-11-04', 285, 1),
(1204, '2017-11-04', 284, 1),
(1205, '2017-11-04', 283, 1),
(1206, '2017-11-04', 282, 1),
(1207, '2017-11-05', 250, 1),
(1208, '2017-11-05', 230, 1),
(1209, '2017-11-05', 213, 1),
(1210, '2017-11-06', 225, 2),
(1211, '2017-11-06', 230, 1),
(1212, '2017-11-06', 279, 1),
(1213, '2017-11-06', 211, 1),
(1214, '2017-11-06', 236, 1),
(1215, '2017-11-06', 290, 1),
(1216, '2017-11-06', 276, 1),
(1217, '2017-11-07', 273, 3),
(1218, '2017-11-07', 274, 2),
(1219, '2017-11-07', 211, 2),
(1220, '2017-11-07', 225, 2),
(1221, '2017-11-07', 236, 2),
(1222, '2017-11-07', 290, 2),
(1223, '2017-11-07', 289, 2),
(1224, '2017-11-07', 288, 2),
(1225, '2017-11-07', 287, 2),
(1226, '2017-11-07', 286, 3),
(1227, '2017-11-07', 285, 2),
(1228, '2017-11-07', 284, 2),
(1229, '2017-11-07', 283, 2),
(1230, '2017-11-07', 282, 2),
(1231, '2017-11-07', 279, 1),
(1232, '2017-11-07', 280, 1),
(1233, '2017-11-07', 278, 1),
(1234, '2017-11-07', 277, 1),
(1235, '2017-11-07', 276, 1),
(1236, '2017-11-07', 275, 1),
(1237, '2017-11-07', 272, 1),
(1238, '2017-11-07', 271, 1),
(1239, '2017-11-07', 270, 1),
(1240, '2017-11-07', 250, 1),
(1241, '2017-11-07', 213, 1),
(1242, '2017-11-07', 228, 1),
(1243, '2017-11-07', 269, 1),
(1244, '2017-11-08', 269, 1),
(1245, '2017-11-08', 285, 1),
(1246, '2017-11-08', 278, 1),
(1247, '2017-11-09', 278, 1),
(1248, '2017-11-09', 285, 1),
(1249, '2017-11-09', 287, 1),
(1250, '2017-11-09', 270, 1),
(1251, '2017-11-10', 273, 1),
(1252, '2017-11-10', 274, 2),
(1253, '2017-11-10', 211, 1),
(1254, '2017-11-10', 236, 2),
(1255, '2017-11-10', 225, 1),
(1256, '2017-11-10', 290, 1),
(1257, '2017-11-10', 289, 1),
(1258, '2017-11-10', 288, 1),
(1259, '2017-11-10', 287, 1),
(1260, '2017-11-10', 286, 1),
(1261, '2017-11-10', 285, 1),
(1262, '2017-11-10', 284, 1),
(1263, '2017-11-10', 283, 1),
(1264, '2017-11-10', 282, 1),
(1265, '2017-11-10', 280, 1),
(1266, '2017-11-10', 275, 1),
(1267, '2017-11-10', 230, 1),
(1268, '2017-11-11', 287, 1),
(1269, '2017-11-12', 278, 1),
(1270, '2017-11-12', 273, 1),
(1271, '2017-11-13', 273, 1),
(1272, '2017-11-13', 274, 1),
(1273, '2017-11-13', 211, 1),
(1274, '2017-11-13', 225, 1),
(1275, '2017-11-13', 236, 1),
(1276, '2017-11-13', 288, 1),
(1277, '2017-11-13', 290, 1),
(1278, '2017-11-13', 289, 1),
(1279, '2017-11-13', 287, 1),
(1280, '2017-11-13', 286, 1),
(1281, '2017-11-13', 285, 1),
(1282, '2017-11-13', 284, 1),
(1283, '2017-11-13', 283, 1),
(1284, '2017-11-13', 282, 1),
(1285, '2017-11-13', 228, 1);

-- --------------------------------------------------------

--
-- Table structure for table `tbl_youtube_chanel`
--

CREATE TABLE `tbl_youtube_chanel` (
  `id` int(10) NOT NULL,
  `type` int(1) NOT NULL,
  `title` varchar(255) NOT NULL,
  `chanel_id` varchar(255) NOT NULL,
  `username` varchar(255) DEFAULT NULL,
  `auto` int(1) NOT NULL DEFAULT '0',
  `category_ids` text NOT NULL,
  `create_at` datetime NOT NULL,
  `update_at` datetime NOT NULL
) ENGINE=InnoDB DEFAULT CHARSET=latin1;

--
-- Dumping data for table `tbl_youtube_chanel`
--

INSERT INTO `tbl_youtube_chanel` (`id`, `type`, `title`, `chanel_id`, `username`, `auto`, `category_ids`, `create_at`, `update_at`) VALUES
(2, 0, 'Tough Love', 'UCINXFFTenSrGCJPvNqrcDew', '', 1, '4', '2017-07-31 21:40:47', '2017-07-31 21:40:47'),
(4, 0, 'Black in Latin America', 'UCGayf5VTATSzkWqQWgG9VcA', '', 1, '8', '2017-08-02 20:16:08', '2017-08-02 20:16:08'),
(5, 0, 'Side Chick', 'UCrGbHL1Uqo2a4hzHknun3PA', '', 1, '9', '2017-08-02 20:19:23', '2017-08-02 20:19:23');

-- --------------------------------------------------------

--
-- Table structure for table `tbl_youtube_playlist_subscribe`
--

CREATE TABLE `tbl_youtube_playlist_subscribe` (
  `id` int(11) NOT NULL,
  `chanel_id` varchar(255) NOT NULL,
  `title` text NOT NULL,
  `playlist_id` text NOT NULL,
  `auto` int(11) NOT NULL,
  `category_ids` text NOT NULL,
  `update_at` bigint(20) NOT NULL,
  `create_at` bigint(20) NOT NULL
) ENGINE=InnoDB DEFAULT CHARSET=latin1;

--
-- Dumping data for table `tbl_youtube_playlist_subscribe`
--

INSERT INTO `tbl_youtube_playlist_subscribe` (`id`, `chanel_id`, `title`, `playlist_id`, `auto`, `category_ids`, `update_at`, `create_at`) VALUES
(1, 'UCf5SwCyS6dFV61lf3SfXLiQ', 'This Is It', 'UUf5SwCyS6dFV61lf3SfXLiQ', 1, '7', 1501679331, 1501510277),
(2, 'UCINXFFTenSrGCJPvNqrcDew', 'Tough Love', 'UUINXFFTenSrGCJPvNqrcDew', 1, '4', 1501512047, 1501512047),
(3, 'UCVIVA48Td4JUKj1yBIy_mCg', 'H20', 'UUVIVA48Td4JUKj1yBIy_mCg', 1, '4', 1501676356, 1501676356),
(4, 'UCGayf5VTATSzkWqQWgG9VcA', 'Black in Latin America', 'UUGayf5VTATSzkWqQWgG9VcA', 1, '8', 1501679768, 1501679768),
(5, 'UCrGbHL1Uqo2a4hzHknun3PA', 'Side Chick', 'UUrGbHL1Uqo2a4hzHknun3PA', 1, '9', 1501679963, 1501679963);

-- --------------------------------------------------------

--
-- Table structure for table `tbn_news_category`
--

CREATE TABLE `tbn_news_category` (
  `id` int(11) NOT NULL,
  `title` text NOT NULL,
  `thumbnail` text NOT NULL,
  `icon` text NOT NULL,
  `update_at` bigint(20) NOT NULL,
  `create_at` bigint(20) NOT NULL
) ENGINE=InnoDB DEFAULT CHARSET=latin1;

-- --------------------------------------------------------

--
-- Table structure for table `users`
--

CREATE TABLE `users` (
  `UserId` int(11) NOT NULL,
  `UserName` varchar(100) NOT NULL,
  `UserPass` varchar(45) NOT NULL,
  `Email` varchar(100) NOT NULL,
  `RoleId` tinyint(4) NOT NULL,
  `IsVip` tinyint(4) NOT NULL,
  `StatusId` tinyint(4) NOT NULL,
  `FirstName` varchar(100) DEFAULT NULL,
  `LastName` varchar(100) DEFAULT NULL,
  `Avatar` varchar(250) DEFAULT NULL,
  `Address` varchar(250) DEFAULT NULL,
  `PhoneNumber` varchar(45) DEFAULT NULL,
  `City` varchar(250) DEFAULT NULL,
  `Country` varchar(250) DEFAULT NULL,
  `Zip` varchar(45) DEFAULT NULL,
  `Token` varchar(100) DEFAULT NULL,
  `FacebookId` varchar(45) DEFAULT NULL,
  `oauth_provider` varchar(255) NOT NULL DEFAULT 'default',
  `paystack_auth_code` varchar(255) DEFAULT '',
  `subscribed_date` int(50) NOT NULL DEFAULT '0',
  `subscribed_type` varchar(255) DEFAULT ''
) ENGINE=InnoDB DEFAULT CHARSET=utf8;

--
-- Dumping data for table `users`
--

INSERT INTO `users` (`UserId`, `UserName`, `UserPass`, `Email`, `RoleId`, `IsVip`, `StatusId`, `FirstName`, `LastName`, `Avatar`, `Address`, `PhoneNumber`, `City`, `Country`, `Zip`, `Token`, `FacebookId`, `oauth_provider`, `paystack_auth_code`, `subscribed_date`, `subscribed_type`) VALUES
(1, 'admin', 'ae3a6f45c088b08d2787de567dfd689f', 'hello@telebang.com', 1, 0, 2, 'Gbasky', 'Alayo', 'telebang_icon1.png', '14 Gilbert Odior street, Lekki, lagos', '', 'Lagos', 'Nigeria', '', '2bf486416ea43029b846', NULL, '', '', 0, ''),
(2, '10156294377895433', 'ae3a6f45c088b08d2787de567dfd689f', 'folababa@gmail.com', 3, 1, 2, 'Fola', 'Baba', 'https://graph.facebook.com/10156294377895433/picture?width=256&height=256?width=256&height=256', '', '', '', '', '', '', '10156294377895433', 'facebook', 'pjhed677zn', 1497632824, NULL),
(3, 'thai', 'ab56b4d92b40713acc5af89985d4b786', 'popome815@gmail.com', 3, 1, 2, '', '', NULL, '', '', '', '', '', NULL, NULL, 'default', 'wj5roy2vpi', 1495488512, ''),
(4, 'thai123', '594f803b380a41396ed63dca39503542', 'ggolggoli815@gmail.com', 3, 1, 2, '', '', NULL, '', '', '', '', '', '', NULL, 'default', 'lw34z33tka', 1497376800, '1'),
(5, 'folarin', '20edc83ee2fcab4f50d7f52ee6a46aed', 'fola@nellusions.com', 3, 1, 2, '', '', NULL, '', '', '', '', '', NULL, NULL, 'default', 'j48cfkqjkx', 0, ''),
(6, 'folabobo', 'ae3a6f45c088b08d2787de567dfd689f', 'fola@neo-2.com', 3, 1, 2, '', '', '20170612201748.png', '', '', '', '', '', '', NULL, 'default', 'v07mxlpntb', 1501693334, '0'),
(7, 'folaboba', '20edc83ee2fcab4f50d7f52ee6a46aed', 'folababa@digitalpash.com', 3, 0, 2, '', '', NULL, '', '', '', '', '', NULL, NULL, 'default', '', 0, ''),
(8, 'kolade', '77100b4313d7acba100cd013e9d61658', 'info@neo-2.com', 3, 0, 2, '', '', NULL, '', '', '', '', '', NULL, NULL, 'default', '', 0, ''),
(9, 'ebun', '77100b4313d7acba100cd013e9d61658', 'ebun@telebang.com', 1, 1, 2, 'Ebun', 'Begbaaji', NULL, NULL, NULL, NULL, NULL, NULL, NULL, NULL, 'default', 'ffespruu1r', 1508863399, '0'),
(10, 'olusegun', 'f9382c1445fbbded439ad082e2329b9b', 'olusegun.ibitayo@yahoo.com', 3, 0, 2, '', '', NULL, '', '', '', '', '', NULL, NULL, 'default', '', 0, ''),
(11, 'kelsey', '9b8c23a8e5730c2050d60c2490b1bef5', 'remskelse03@gmail.com', 3, 0, 2, '', '', NULL, '', '', '', '', '', NULL, NULL, 'default', '', 0, ''),
(12, 'ituamacoy', '1a6645d817017490df12fe4d434c4ea8', 'ituamacoy@gmail.com', 3, 0, 2, '', '', NULL, '', '', '', '', '', NULL, NULL, 'default', '', 0, '');

-- --------------------------------------------------------

--
-- Table structure for table `uservideos`
--

CREATE TABLE `uservideos` (
  `UserVideoId` int(11) NOT NULL,
  `UserId` int(11) NOT NULL,
  `VideoId` int(11) NOT NULL,
  `CrDateTime` datetime NOT NULL
) ENGINE=InnoDB DEFAULT CHARSET=utf8;

-- --------------------------------------------------------

--
-- Table structure for table `videos`
--

CREATE TABLE `videos` (
  `VideoId` int(11) NOT NULL,
  `VideoTitle` varchar(250) NOT NULL,
  `VideoUrl` varchar(250) NOT NULL,
  `VideoLength` int(11) NOT NULL,
  `Series` varchar(250) DEFAULT NULL,
  `VideoImage` varchar(250) DEFAULT NULL,
  `VideoDesc` text,
  `SocialUrl` varchar(250) DEFAULT NULL,
  `StatusId` tinyint(4) NOT NULL,
  `VideoTypeId` tinyint(4) NOT NULL,
  `IsVip` tinyint(4) NOT NULL,
  `DisplayHome` tinyint(4) NOT NULL,
  `ViewCount` int(11) NOT NULL DEFAULT '0',
  `ShareCount` int(11) NOT NULL DEFAULT '0',
  `LikeCount` int(11) NOT NULL DEFAULT '0',
  `DownloadCount` int(11) NOT NULL DEFAULT '0',
  `UpdateDate` datetime NOT NULL,
  `CrUserId` int(11) NOT NULL,
  `CrDateTime` datetime NOT NULL,
  `IsTrending` int(11) NOT NULL,
  `VideoKey` varchar(255) DEFAULT NULL,
  `episode_no` int(11) NOT NULL DEFAULT '1'
) ENGINE=InnoDB DEFAULT CHARSET=utf8;

--
-- Dumping data for table `videos`
--

INSERT INTO `videos` (`VideoId`, `VideoTitle`, `VideoUrl`, `VideoLength`, `Series`, `VideoImage`, `VideoDesc`, `SocialUrl`, `StatusId`, `VideoTypeId`, `IsVip`, `DisplayHome`, `ViewCount`, `ShareCount`, `LikeCount`, `DownloadCount`, `UpdateDate`, `CrUserId`, `CrDateTime`, `IsTrending`, `VideoKey`, `episode_no`) VALUES
(210, 'NEW SERIES: Giants Trailer', 'https://www.youtube.com/watch?v=1YgjugzXscg&list=PLVo7nGot4fPi_1MFfZSLROrc6BhjXSffI&index=1', 132, '2', 'https://i.ytimg.com/vi/1YgjugzXscg/maxresdefault.jpg', '<p>Three millennials determined to live life on their own terms, no matter the cost, quickly learn that when life starts to kick your ass, you either lie down, or fight back. Created, written and directed by James Bland. Series premieres Wednesday, January 25 at 8PM EST Follow the series: Twitter: @giantstheseries Instagram: @giantstheseries Facebook: www.facebook.com/giantstheseries</p>', '', 2, 2, 0, 1, 8, 0, 0, 0, '2017-08-02 20:32:55', 1, '2017-08-02 20:28:30', 1, NULL, 0),
(218, 'This Is It S01E05', 'https://www.youtube.com/watch?v=sMrJBZr4WOI', 1202, '3', 'https://i.ytimg.com/vi/sMrJBZr4WOI/sddefault.jpg', '<p>In this episode, Kerry has got herself in a really big mess and confides in Dede. In panic mode, Dede blurts it all out to Tee (Tomide). This automatically puts Tee and Dede in an awkward position. Tee not only has to protect his best friend Sam, he has to face the past and a sworn enemy. This Is it Series follows the first year journey of the young clueless, newlyweds, Dede and Tomide. Join us every Tuesday 10:00am (Nigerian Time) right here on LowlaDeeTV. Interact with the cast on Instagram! Tomide as @NickMutuma Dede as @ChyLeona Sam as @Stannze Toby as @ansaahsamuel Join the #ThisIsItSquad Instagram: @thisisit_series Facebook: @thisisitseries Twitter: @thisisitseries</p>', '', 2, 2, 0, 1, 2, 0, 0, 0, '2017-08-02 22:52:59', 9, '2017-08-02 21:00:08', 1, 'sMrJBZr4WOI', 1),
(222, '\"This Is It\" S01E01-Honeymoon Crashers', 'https://www.youtube.com/watch?v=erxLaRHHPhY', 1304, '3', 'https://i.ytimg.com/vi/erxLaRHHPhY/maxresdefault.jpg', '<p>It\'s still the honeymoon season. While Dede attempts a sexy move on Tomide, her friends barge in uninvited! Sheesh!!! This Is it Series follows the first year journey of the young clueless, newlyweds, Dede and Tomide</p>', '', 2, 2, 0, 1, 0, 0, 0, 0, '2017-08-02 22:59:02', 9, '2017-08-02 21:00:09', 1, 'erxLaRHHPhY', 1),
(227, 'Doing It Wrong | Chapter 3', 'https://www.youtube.com/watch?v=eMYYJgOp2ac&list=PLYgDk-qCESPdvkaD3cJyuKBOr1akTKz1B&index=3', 376, '4', 'https://i.ytimg.com/vi/eMYYJgOp2ac/maxresdefault.jpg', '<p>NEXT EPISODE: FRIDAY MAY 13th WATCH All 8 EPISODES NOW w/Your FREE MONTH Now: http://www.blackandsexy.tv TWEET US: @blackandsexytv #DIWSeries INSTAGRAM  http://instagram.com/blackandsexytv Written &amp; Directed by Tevin Scott Edited by Tevin Scott Executive Producer: Dennis Dortch Starring: Sideeq Heard, Colby Muhammad, Kiah Clingman, Phoenix Williamson, Olivia Russell Marcus Livingston, Shawn Washington, Jarrett Powell, Production Sound: Shakira Stephens Theme song Produced by Deezy Flint</p>', '', 2, 2, 0, 1, 0, 0, 0, 0, '2017-08-02 21:11:25', 1, '2017-08-02 21:10:45', 0, NULL, 3),
(228, 'BECOMING NIA | 01', 'https://www.youtube.com/watch?v=Pl4K07ZgyEU&index=1&list=PLYgDk-qCESPeRWkzRTMHLLzMqkskTvhsk', 853, '5', 'https://i.ytimg.com/vi/Pl4K07ZgyEU/maxresdefault.jpg', '<p> NEXT EPISODE: December 21st  PRE-ORDER the THAT GUY Movie: http://thatguy.vhx.tv/ TWEET US  @blackandsexytv  #becomingnia INSTAGRAM  http://instagram.com/blackandsxytv (no \"e\") FACEBOOK  http://facebook.com/roomieloverfriends *This episode refers to: THAT GUY The Ruiner | Episode 08 (S2) + \"Roomieloverfriends\" | Episode 5 of 9  [Season 2] Starring Shawanna Davis Tangier Dortch Special Guest Star Shayla Hale Directed by Jeanine Daniels Dennis Dortch Written by Jeanine Daniels Numa Perrier Cinematography by Brian Ali Harding Edited by Tina Cerin Produced by Numa Perrier Special Thanks: Ms Janie Chavers FEATURED MUSIC: Theme to \"Becoming Nia\" MORISHA DANEE\' \"Baby, Baby\" https://soundcloud.com/morisha-danee ESNAVI \"What U Need\" http://www.esnavi.com/</p>', '', 2, 2, 0, 1, 28, 0, 0, 0, '2017-08-02 21:15:47', 1, '2017-08-02 21:15:47', 0, NULL, 1),
(229, 'BECOMING NIA | 02', 'https://www.youtube.com/watch?v=KvxCBMu33Bs&index=2&list=PLYgDk-qCESPeRWkzRTMHLLzMqkskTvhsk', 899, '5', 'https://i.ytimg.com/vi/KvxCBMu33Bs/maxresdefault.jpg', '<p> NEXT EPISODE: January 11th  PRE-ORDER the THAT GUY Movie Now: http://thatguy.vhx.tv/ TWEET US  @blackandsexytv  #becomingnia INSTAGRAM  http://instagram.com/blackandsxytv (no \"e\") FACEBOOK  http://facebook.com/roomieloverfriends Starring Shawanna Davis Tangier Dortch Special Guest Star(s) Jeanine Daniels Levi Daniels Claudis Bridforth Directed by Jeanine Daniels Written by Jeanine Daniels Numa Perrier Cinematography by Brian Ali Harding Edited by Tina Cerin Produced by Numa Perrier Executive Producers Dennis Dortch Brian Ali Harding Jeanine Daniels Special Thanks: Ms Janie Chavers FEATURED MUSIC: Theme to \"Becoming Nia\" MORISHA DANEE\' \"Baby, Baby\" https://soundcloud.com/morisha-danee Rayana Jay \"Coffee\" https://soundcloud.com/rayanajay</p>', '', 2, 2, 0, 1, 0, 0, 0, 0, '2017-08-02 21:16:19', 1, '2017-08-02 21:16:19', 0, NULL, 2),
(230, 'BECOMING NIA | 03', 'https://www.youtube.com/watch?v=Y0E-hcvoJ1U&index=3&list=PLYgDk-qCESPeRWkzRTMHLLzMqkskTvhsk', 650, '5', 'https://i.ytimg.com/vi/Y0E-hcvoJ1U/maxresdefault.jpg', '<p> NEXT EPISODE: SATURDAY January 24th HEADS UP!  Becoming Nia is moving to \"Saturdays!\" TWEET US  @blackandsexytv  #becomingnia INSTAGRAM  http://instagram.com/blackandsxytv (no \"e\") FACEBOOK  http://facebook.com/blackandsexytv Starring Shawanna Davis Special Guest Star(s) Jeremy McBryde Kaycee Campbell Directed by Jeanine Daniels Written by Numa Perrier Jeanine Daniels Dennis Dortch Cinematography by Brian Ali Harding Edited by Jamila Glass Jeanine Daniels Produced by Jeanine Daniels Executive Producers Dennis Dortch Brian Ali Harding Jeanine Daniels Special Thanks: Ms Janie Chavers FEATURED MUSIC: Theme to \"Becoming Nia\" MORISHA DANEE\' \"Baby, Baby\" https://soundcloud.com/morisha-danee \"The Perfect Remedy\" Sir https://soundcloud.com/inglewoodsir/07-the-perfect-remedy</p>', '', 2, 2, 0, 1, 20, 0, 0, 0, '2017-08-02 21:17:08', 1, '2017-08-02 21:17:08', 0, NULL, 3),
(233, 'YELLOW | Blue Ivy | 02', 'https://www.youtube.com/watch?v=-8Qg6dsZK14&list=PLYgDk-qCESPejYEV1iF0y-JQibzdV1CGH&index=2', 1246, '7', 'https://i.ytimg.com/vi/-8Qg6dsZK14/maxresdefault.jpg', '<p>2nd Episode of docu-series \"Yellow\" starring Austen Jaye. WATCH the new HELLO CUPID Episode: http://hellocupid.vhx.tv/  TWEET US https://twitter.com/blackandsexytv #yellow FACEBOOK  http://www.facebook.com/blackandsexytv INSTAGRAM  http://instagram.com/blackandsexytv  EMAIL US: contact (at) blackandsexy.tv STORE  http://bit.ly/blackandsexystore WEBSITE http://blackandsexy.tv Created by Numa Perrier Starring Austen Jaye as Austin Maya Morales as Myla Christian Jefferson as Ace Jolie Oliver as Aunt Bev Karimah Westbrook as Maureen Joy Brunson as Hannah Executive Producer Dennis Dortch Austen Jaye Written &amp; Directed by Numa Perrier Editor Dominique Ulloa Production Assistant Tina Cerin Motion Graphics Brian Ali-Harding FEATURED MUSIC: \"The Sweetest Thing\" and \"Strawberry Number 23\" Aaron \"Ab\" Abernathy https://soundcloud.com/abtheconfidant</p>', '', 2, 2, 0, 1, 0, 0, 0, 0, '2017-08-02 21:19:24', 1, '2017-08-02 21:19:24', 0, NULL, 2),
(235, 'YELLOW | Bronze Buns | 03', 'https://www.youtube.com/watch?v=2G7MYRQ_-4Q&list=PLYgDk-qCESPejYEV1iF0y-JQibzdV1CGH&index=3', 845, '7', 'https://i.ytimg.com/vi/2G7MYRQ_-4Q/maxresdefault.jpg', '<p> NEXT EPISODE: April 6th  TWEET US @blackandsexytv Hashtag: #yellow WATCH the HELLO CUPID Premiere: http://hellocupid.vhx.tv/ FACEBOOK  http://www.facebook.com/blackandsexytv INSTAGRAM  http://instagram.com/blackandsexytv  EMAIL US: contact (at) blackandsexy.tv STORE  http://bit.ly/blackandsexystore WEBSITE http://blackandsexy.tv Created by Numa Perrier Starring Austen Jaye as Austin Taye Hansberry as Rachel Hayley Marie Norman as Robyn Shayla Hale as Tamiko Danielle Woodson as Gil Executive Producer Dennis Dortch Austen Jaye Written &amp; Directed by Numa Perrier Cinematography Brian Ali-Harding Wardrobe Vic Styles Make Up Lili Kaytmaz Editor Jamila Glass Dennis Dortch Production Assistant Tina Cerin Motion Graphics Brian Ali-Harding FEATURED MUSIC: The Theme To \"Yellow\" \"The Sweetest Thing\" Aaron \"Ab\" Abernathy https://soundcloud.com/abtheconfidant Ahmed Sirour \"FORePLAYING\" http://ahmedisthemusic.bandcamp.com/album/the-after-2am-sessions-lp</p>', '', 2, 2, 0, 1, 2, 0, 0, 0, '2017-08-02 21:23:51', 1, '2017-08-02 21:23:51', 0, NULL, 3),
(236, '01 | DEAR MILLER', 'https://www.youtube.com/watch?v=zj5yi8A3Mg8&index=1&list=PLYgDk-qCESPffZ5JQDql1MJArLja0S-cK', 879, '6', 'https://i.ytimg.com/vi/zj5yi8A3Mg8/maxresdefault.jpg', '<p>NEXT EPISODE: SUNDAY NOVEMBER 27th ***CALL or TEXT Miller @ 323-285-2439*** TWEET US  @blackandsexytv  #DearMiller INSTAGRAM  http://instagram.com/blackandsexytv FACEBOOK  http://facebook.com/blackandsexytv FULL MONTH SCHEDULE on BSTV http://whatsup.blackandsexy.tv/tvguide/</p>', '', 2, 2, 0, 1, 49, 0, 0, 0, '2017-08-02 21:29:26', 1, '2017-08-02 21:29:26', 0, NULL, 1),
(237, '02 | DEAR MILLER | [Facebook Ex Pop Up]', 'https://www.youtube.com/watch?v=SIT7WNXivgM&index=2&list=PLYgDk-qCESPffZ5JQDql1MJArLja0S-cK', 365, '6', 'https://i.ytimg.com/vi/SIT7WNXivgM/maxresdefault.jpg', '<p>WATCH FULL episode w/ FREE TRIAL at: http://www.blackandsexy.tv NEW INSTALLMENTS every FRIDAY ***CALL or TEXT Miller @ 323-285-2439*** TWEET US  @blackandsexytv  #DearMiller INSTAGRAM  http://instagram.com/blackandsexytv FACEBOOK  http://facebook.com/blackandsexytv VISIT OUR SHOP AT: http://theblackandsexystore.com/ FULL MONTH SCHEDULE on BSTV http://whatsup.blackandsexy.tv/tvguide/</p>', '', 2, 2, 0, 1, 7, 0, 0, 0, '2017-08-02 21:29:50', 1, '2017-08-02 21:29:50', 0, NULL, 2),
(247, 'GIANTS | Ep 3: Do You Feel Free?', 'www.youtube.com/watch?v=K5OL6y_rmVA', 996, '2', 'https://i.ytimg.com/vi/K5OL6y_rmVA/maxresdefault.jpg', '<p>Rent\'s due and Malachi doesn\'t have the money. Meanwhile, Journee starts to fall for Lawrence. Created, written and directed by James Bland (@jrbland). Music: \"War\" by Kyle Shedrick (@kshed4ever) \"For You I will Wait\" by Drew Anthuny (@drew_anthuny)</p>', '', 2, 2, 0, 1, 1, 1, 0, 0, '2017-08-02 23:10:29', 9, '2017-08-02 22:27:02', 1, NULL, 3),
(249, 'GIANTS | Ep 5: You\'ll Find Your Way', 'www.youtube.com/watch?v=W-OKPutso-U', 964, '2', 'https://i.ytimg.com/vi/W-OKPutso-U/maxresdefault.jpg', '<p>Ade comes to Malachi\'s rescue after he\'s robbed at gun point. Directed by Will Catlett. Written and created by James Bland. Music: \"Find Your Way\" by Trey Daniels (@treydanielsmusic) \"Baffled\" by Bethel Solomon (@bsolomonsangs) \"Forever Young\" by Drew Anthuny (@drew_anthuny) Follow the series: Twitter: @giantstheseries Instagram: @giantstheseries Facebook: www.facebook.com/giantstheseries</p>', '', 2, 2, 0, 1, 2, 0, 0, 0, '2017-08-02 23:11:21', 9, '2017-08-02 22:30:43', 1, NULL, 5),
(250, 'GIANTS | Ep 6: Unpack These Bags', 'www.youtube.com/watch?v=h2RRp-0nV-U', 1502, '1', 'https://i.ytimg.com/vi/h2RRp-0nV-U/maxresdefault.jpg', '<p>It\'s moving day, and Malachi, Journee and Ade must unpack the bags they\'ve been carrying. Directed by Will Catlett. Created and written by James Bland. Music: \"Feeling a little James Taylor\" by Leon Timbo (@leontimbo) \"Confused\" by Bethel Solomon (@bsolomonsangs) \"Don\'t Call\" by Leon Timbo (@leontimbo) \"Alright\" by chief waKiL (@chiefwaKiL) Follow the series: Twitter: @giantstheseries Instagram: @giantstheseries Facebook: www.facebook.com/giantstheseries</p>', '', 2, 2, 0, 1, 61, 0, 0, 0, '2017-08-02 22:31:47', 9, '2017-08-02 22:31:47', 1, NULL, 6),
(251, 'H2O - just add water S1 E1 - Metamorphosis (full episode)', 'www.youtube.com/watch?v=8FTcL_9dmrs&t=98s', 1454, '8', 'https://i.ytimg.com/vi/8FTcL_9dmrs/maxresdefault.jpg', '<p>Watch the first episode of H2O - just add water. :) Three fifteen year old girls Emma Gilbert, Rikki Chadwick, and Cleo Sertori find themselves stranded out at sea in a dinghy, and drift onto the beaches of Mako Island. Once there, they discover a hidden, underground cavern, and inside it, a deep pool of water, sitting within the cone of a volcano. Realising that the pool, which has an underwater tunnel connected to the ocean, is their only way out, the girls step into the water and find themselves bathed in the light of the full moon as it passes over the top of the volcano. Little do they know, as they swim out of the tunnel and are rescued by the water police, that they have undergone a magical transformation, and their lives will never be the same again.&nbsp;</p>', '', 2, 2, 0, 1, 1, 0, 0, 0, '2017-08-02 23:22:20', 9, '2017-08-02 23:22:20', 1, NULL, 1),
(252, 'H2O - just add water S1 E2 - Pool Party (full episode)', 'www.youtube.com/watch?v=5ShDTCMWJPk', 1456, '8', 'https://i.ytimg.com/vi/5ShDTCMWJPk/maxresdefault.jpg', '<p>Watch the full episode 2 of H2O - just add water. :) While Rikki enjoys her new life as a mermaid, Emma and Cleo are less enthusiastic about their mermaid powers. Emma\'s swimming career is in jeopardy, and Cleo feels isolated when she realises that she can\'t go to fashionable Miriam\'s pool party. Rikki soon gets fed up with their moaning, and storms off... and accidentally discovers a power of her own.</p>', '', 2, 2, 0, 1, 0, 0, 0, 0, '2017-08-02 23:24:21', 9, '2017-08-02 23:24:21', 1, NULL, 2),
(253, 'H2O - just add water S1 E3 -Catch of the Day (full episode)', 'www.youtube.com/watch?v=d_9kBkp-4ZY', 1487, '8', 'https://i.ytimg.com/vi/d_9kBkp-4ZY/maxresdefault.jpg', '<p>Watch the full episode 3 of H2O - just add water :) Emma and Rikki use their new-found abilities to free hatchling sea turtles caught in fishing nets. But when they shred one of the nets with a knife, they spark stories of sharks patrolling the waters. Meanwhile, Emma and Rikki have bad news for Cleo; the fishing boat that caught the turtle in its net was her father\'s.&nbsp;</p>', '', 2, 2, 0, 1, 0, 0, 0, 0, '2017-08-02 23:28:01', 9, '2017-08-02 23:28:01', 1, NULL, 3),
(254, 'H2O - just add water S1 E4 - Party Girls', 'www.youtube.com/watch?v=LmY8qdoF-4k', 1489, '8', 'https://i.ytimg.com/vi/LmY8qdoF-4k/maxresdefault.jpg', '<p>Watch the full episode 4 of H2O - just add water :) A worried Emma cancels her annual sleepover party when she realises the risk of growing a tail in front of all her guests. She and Lewis travel back to Mako Island to try to find out how the girls were transformed into mermaids, and Emma finds a mysterious locket at the bottom of the Moon Pool, and thinks that it may be important. Meanwhile, Cleo gets a job at the marine park\'s dolphin tank, and Emma is furious with her for taking such risks around water.</p>', '', 2, 2, 0, 1, 0, 0, 0, 0, '2017-08-02 23:35:50', 9, '2017-08-02 23:31:15', 1, NULL, 4),
(255, 'H2O - just add water S1 E5 - Something Fishy', 'www.youtube.com/watch?v=r6NrXsVdcUc', 1490, '8', 'https://i.ytimg.com/vi/r6NrXsVdcUc/maxresdefault.jpg', '<p>Watch the full episode 5 of H2O - just add water :) Cleo\'s secret diary falls into the hands of her younger sister, Kim. Kim grows suspicious when she reads in the diary that Cleo and her friends are mermaids, and shares her ideas with Emma\'s brother, Elliot. At first, Elliot doesn\'t believe her; but when Emma accidentally freezes his shower, Elliot becomes convinced that his sister is part of an evil mermaid cult.</p>', '', 2, 2, 0, 1, 0, 0, 0, 0, '2017-08-02 23:38:03', 9, '2017-08-02 23:38:03', 1, NULL, 5),
(256, 'H2O - just add water S1 E6 - Young Love', 'www.youtube.com/watch?v=l6Q2r23n7Bk', 1490, '8', 'https://i.ytimg.com/vi/l6Q2r23n7Bk/maxresdefault.jpg', '<p>Watch the full episode 6 of H2O - just add water :) When Rikki saves Emma\'s brother Elliot from drowning, he develops a crush on her, and won\'t leave her alone. With Rikki getting annoyed, Emma and Cleo try to persuade her to let Elliot down gently; but with Rikki\'s fiery nature, that doesn\'t work too well, and an upset Elliot runs away.</p>', '', 2, 2, 0, 1, 5, 0, 0, 0, '2017-08-02 23:39:34', 9, '2017-08-02 23:39:34', 1, NULL, 6),
(257, 'H2O - just add water S1 E7 - Moon Spell', 'www.youtube.com/watch?v=ItB8cA3XcdA', 1490, '8', 'https://i.ytimg.com/vi/ItB8cA3XcdA/maxresdefault.jpg', '<p>Watch the full episode 7 of H2O - just add water :) The strange old woman makes a reappearance at the marine park, and gives Cleo a mysterious warning not to look at the full moon. The other girls, however, are convinced the old woman is crazy, and ignore the warning, going ahead with Emma\'s planned surprise party for her father. At the party, however, Emma sees the reflection of the full moon in a bowl of punch, and then starts acting very strange, losing her inhibitions and being rude to the guests</p>', '', 2, 2, 0, 1, 5, 0, 0, 0, '2017-08-02 23:41:10', 9, '2017-08-02 23:41:10', 1, NULL, 7),
(258, 'H2O - just add water S1 E7 - Moon Spell', 'www.youtube.com/watch?v=mgv1Zwsh-gA', 1490, '8', 'https://i.ytimg.com/vi/ItB8cA3XcdA/maxresdefault.jpg', '<p>Watch the full episode 7 of H2O - just add water :) The strange old woman makes a reappearance at the marine park, and gives Cleo a mysterious warning not to look at the full moon. The other girls, however, are convinced the old woman is crazy, and ignore the warning, going ahead with Emma\'s planned surprise party for her father. At the party, however, Emma sees the reflection of the full moon in a bowl of punch, and then starts acting very strange, losing her inhibitions and being rude to the guests</p>', '', 2, 2, 0, 1, 5, 0, 0, 0, '2017-08-02 23:42:23', 9, '2017-08-02 23:41:59', 1, NULL, 7),
(259, 'H2O - just add water S1 E8 - The Denman Affair (full episode)', 'www.youtube.com/watch?v=mgv1Zwsh-gA', 1493, '8', 'https://i.ytimg.com/vi/mgv1Zwsh-gA/maxresdefault.jpg', '<p>Watch the full episode 8 of H2O - just add water :) Lewis gets a job as a lab assistant for Dr. Linda Denman, a beautiful marine biologist, and secretly plans to use her equipment to try to find out more about the girls\' mermaid transformation. But instead he ends up putting their secret in danger, when he leaves a DNA sample from Cleo behind in the lab, and Dr. Denman discovers it. The girls realise that they are really in trouble when Cleo sneaks into Dr. Denman\'s lab, and discovers a scientific article on Dr. Denman\'s laptop about her unusual cell sample.&nbsp;</p>', '', 2, 2, 0, 1, 14, 0, 0, 0, '2017-08-02 23:44:24', 9, '2017-08-02 23:44:24', 1, NULL, 8),
(260, 'H2O - just add water S1 E9 - Dangerous Waters', 'www.youtube.com/watch?v=JX-C5Xn5xV0', 1444, '8', 'https://i.ytimg.com/vi/JX-C5Xn5xV0/maxresdefault.jpg', '<p>Watch the full episode 9 of H2O - just add water :) When one of Cleo\'s beloved fish dies, Rikki can\'t understand why she is so upset and ends up offending her. To make up for it, Rikki uses her mermaid abilities to dive where no fish collector can dive and picks Cleo a replacement fish. Back on dry land however, she meets a man claiming to be a Marine Park breeder of rare fish, who offers to pay her good money for more rare fish specimens. Rikki takes the job, but when she sees one of the fish she caught in a pet tank in the JuiceNet cafe she realises that the man who hired her does not really work for the Marine Park, and is actually selling the fish illegally for high profit.</p>', '', 2, 2, 0, 1, 6, 0, 0, 0, '2017-08-02 23:47:04', 9, '2017-08-02 23:47:04', 1, NULL, 9),
(261, 'H2O - just add water S1 E10 - The Camera Never Lies', 'www.youtube.com/watch?v=BA4-vS4cR98', 1493, '8', 'https://i.ytimg.com/vi/BA4-vS4cR98/maxresdefault.jpg', '<p>Watch the full episode 10 of H2O - just add water :) Not convinced an interview with Emma\'s mum will win the short film competition, Rikki decides to get some award-winning shark footage. Zane recruits Lewis to re-enact a record windsurfing run.</p>', '', 2, 2, 0, 1, 15, 0, 0, 0, '2017-08-02 23:49:55', 9, '2017-08-02 23:49:55', 1, NULL, 10),
(262, 'H2O - just add water S1 E11 - Sink or Swim', 'www.youtube.com/watch?v=uT6YP_ygt14', 1493, '8', 'https://i.ytimg.com/vi/uT6YP_ygt14/maxresdefault.jpg', '<p>Watch the full episode 11 of H2O - just add water :) Emma is flattered when local surfing hero, Byron, asks her to train him up for a swimming competition, but has to turn him down for obvious reasons. However, she changes her mind after learning that Zane is boasting to everyone that he will beat Byron by a mile, and begins training Byron without getting in the pool herself. ----- This is the official fan channel of the TV-series \"H2O-just add water\". y:)</p>', '', 2, 2, 0, 1, 7, 0, 0, 0, '2017-08-02 23:51:57', 9, '2017-08-02 23:51:57', 1, NULL, 11),
(263, 'Busting Faboos.', '/Faboo%20III_1_1.mp4', 250, '9', 'faboo.jpg', '<p>Charging your phone all night will damage your battery?</p>', '', 2, 1, 1, 1, 31, 0, 0, 0, '2017-08-02 23:55:23', 1, '2017-08-02 23:55:23', 1, NULL, 1),
(264, 'H2O - just add water S1 E12 - The Siren Effect', '/www.youtube.com/watch?v=v-2eUaS-bIE', 1493, '8', 'https://i.ytimg.com/vi/v-2eUaS-bIE/maxresdefault.jpg', '<p>Watch the full episode 12 of H2O - just add water :) As another full moon approaches, Rikki pushes Cleo into a karaoke contest at the JuiceNet cafe, not realising that Cleo cannot sing. After embarrassing herself in front of everybody listening, Cleo heads back home with Emma, Rikki and Lewis to prepare for the full moon. But despite all their preparations, Cleo glimpses the moon in the reflection of some water in the bathroom sink, but when she touches the water, she doesn\'t turn into a mermaid. Cleo then stands before everyone in the house, and, to Rikki and Emma\'s surprise, sings with the most beautiful voice imaginable.</p>', '', 2, 2, 0, 1, 6, 0, 0, 0, '2017-08-03 00:04:22', 9, '2017-08-03 00:04:22', 1, NULL, 12),
(265, 'H2O - just add water S1 E13 - Shipwrecked (full episode)', 'https://www.youtube.com/watch?v=0yvUJGQwC70', 1484, '8', 'https://i.ytimg.com/vi/0yvUJGQwC70/maxresdefault.jpg', '<p>Watch the full episode 13 of H2O - just add water :) At the local boat yard, Emma finally meets the mysterious old woman who has been following Cleo around; Miss Chatham. And she finds her at just the right time, as Miss Chatham has an argument with Zane about an accident involving her houseboat (\"Lorelei\") and his jet ski, and then collapses from a heart attack. As she is taken away in an ambulance, Zane hears her muttering to Emma that she needs to protect her \'treasure\'.</p>', '', 2, 2, 0, 1, 2, 0, 0, 0, '2017-08-03 00:06:37', 9, '2017-08-03 00:06:37', 1, NULL, 13),
(266, 'H2O - just add water S1 E14 - Surprise! (full episode)', 'www.youtube.com/watch?v=RMjkHDAcIMo', 1475, '8', 'https://i.ytimg.com/vi/RMjkHDAcIMo/maxresdefault.jpg', '<p>Cleo counts down the days to her sixteenth birthday, not with excitement, but with dread. Emma and Rikki can\'t understand Cleo\'s mood, until Lewis tells them about Cleo\'s father\'s embarrassing birthday parties. Meanwhile, Zane is determined to find the \"sea monster\" that saved him from drowning, and recruits Lewis to help him. But Lewis has promised the girls that he will keep Zane as far away from Mako Island and them as possible.&nbsp;</p>', '', 2, 2, 0, 1, 2, 0, 0, 0, '2017-08-03 00:09:43', 9, '2017-08-03 00:09:04', 1, NULL, 14),
(267, 'H2O - just add water S1 E15 - The Big Chill', 'www.youtube.com/watch?v=Zm4iQPWj-lE', 1485, '8', 'https://i.ytimg.com/vi/Zm4iQPWj-lE/maxresdefault.jpg', '<p>&nbsp;Emma is excelling at her new job at the JuiceNet caf&eacute;, and is delighted when Wilfred puts her in charge for a whole weekend. However, her skills and patience are put to the test when Cleo persuades her to hire slacker Rikki, who needs the money for concert tickets. But with Emma being a megalomaniac manager, and Rikki a lazy employee, things don\'t work out, and Rikki quits after Emma gives her a hard time for being rude to demanding customer Miriam.</p>', '', 2, 2, 0, 1, 2, 0, 0, 0, '2017-08-03 00:11:15', 9, '2017-08-03 00:11:15', 1, NULL, 1),
(268, 'H2O - just add water S1 E16 - Lovesick', 'www.youtube.com/watch?v=40_IUutyZ1A', 1500, '8', 'https://i.ytimg.com/vi/40_IUutyZ1A/maxresdefault.jpg', '<p>Watch the full episode 16 of H2O - just add water :) Zane is relentlessly carrying on with his search for the mystery sea monster that saved his life, and tricks Cleo into giving him access to the marine park\'s library, so that he can learn more about sea creatures. Meanwhile, Cleo\'s friends and family become convinced that she has a secret boyfriend when she starts making odd phone calls and sneaking out of the house...</p>', '', 2, 2, 0, 1, 3, 0, 0, 0, '2017-08-03 00:14:07', 9, '2017-08-03 00:14:07', 1, NULL, 16),
(269, 'H2O - just add water S1 E17 - Under the Weather (full episode)', 'www.youtube.com/watch?v=CfCI98lJes4&t=23s', 1442, '8', 'https://i.ytimg.com/vi/CfCI98lJes4/maxresdefault.jpg', '<p>&nbsp;The girls are left housebound on the day of a big biology exam by a sudden rain storm. To keep Emma\'s mother from getting suspicious, the girls use their powers to fake illness (Rikki gives them high temperatures and red blotches on their skin, before Emma gives them low temperatures), but their plan backfires when Emma\'s mother calls a doctor, who is convinced that the girls have a rare tropical disease, and wants to send them to a hospital.&nbsp;</p>', '', 2, 2, 0, 1, 10, 0, 0, 0, '2017-08-03 00:16:14', 9, '2017-08-03 00:16:14', 1, NULL, 17),
(270, 'H2O - just add water S1 E18 - Bad Moon Rising (full episode)', 'www.youtube.com/watch?v=yd6EVz3LqC0', 1489, '8', 'https://i.ytimg.com/vi/yd6EVz3LqC0/maxresdefault.jpg', '<p>&nbsp;Haunted by his experience with the \"sea monster\", Zane presses on with his investigations, and is soon led to Mako Island. Meanwhile, on the night of another full moon, it is Rikki\'s turn to be moonstruck, when she glimpses the moon\'s reflection in a glass of water, and undergoes a catastrophic change; she loses control of her ability to heat water, and begins boiling everything around her.&nbsp;</p>', '', 2, 2, 0, 1, 11, 0, 0, 0, '2017-08-03 00:18:35', 9, '2017-08-03 00:18:35', 1, NULL, 1),
(271, 'H2O - just add water S1 E19 - Hurricane Angela (full episode)', 'www.youtube.com/watch?v=eLZn1u45dng', 1476, '8', 'https://i.ytimg.com/vi/eLZn1u45dng/maxresdefault.jpg', '<p>&nbsp;When Cleo\'s young cousin Angela comes to stay, Cleo\'s father gives Cleo the responsibility of taking care of her, hoping it will distract Cleo from arguing with her sister Kim. But taking care of Angela brings on challenges of its own, as it appears she is a spoiled brat, who is determined to get what she wants, and, worst of all, has a fondness for water. Rather than taking Angela to the beach to go body boarding, Cleo instead takes her to the safety of the marine park to look at the pelicans Kim is so fond of. But things soon turn bad, when Angela goes missing.&nbsp;</p>', '', 2, 2, 0, 1, 10, 0, 0, 0, '2017-08-03 00:20:32', 9, '2017-08-03 00:20:32', 1, NULL, 19),
(272, 'H2O - just add water S1 E20 - Hook, Line and Sinker (full episode)', 'www.youtube.com/watch?v=vElYyS7jlKo', 1484, '8', 'https://i.ytimg.com/vi/vElYyS7jlKo/maxresdefault.jpg', '<p>Watch the full episode 20 of H2O - just add water :) Keen angler Lewis enters the annual fishing derby with a secret weapon; a specially designed lure, that is actually hopeless at catching fish. With Nate and the rest of the contestants laughing at him, Cleo feels sorry for Lewis, and tries to help him by deliberately putting a huge fish on the end of his line. But her plan backfires when it is revealed that the fish she chose was a deep-sea tuna, a fish impossible to catch with an ordinary fishing rod from the shore.</p>', '', 2, 2, 0, 1, 12, 0, 0, 0, '2017-08-03 00:22:47', 9, '2017-08-03 00:22:47', 1, NULL, 20),
(273, 'Healthy Living Documentary/Unknown facts about health', 'www.youtube.com/watch?v=ptD9QTncr0Q', 1330, '', 'https://i.ytimg.com/vi/ptD9QTncr0Q/maxresdefault.jpg', '<p>Healthy Living is a mini documentary about leading a healthy lifestyle. The film reveals several unconventional concepts and tips to leading a healthy lifestyle. Moreover it delves deeper into studying health at the cellular level, unravelling facts about the PH balance, breathing techniques and dietary changes etc. The film is based on Paul Robinson\'s audio coaching programme titled The Inner Game of Success. The film also features health tips from the world\'s leading medical professionals, nutritionists and authors on the subject of health. keywords: How to lead a healthy life how to live a disease free life understanding health what is alkalinity how to increase alkaline acid alkaline balance what is PH balance health documentary film on health healthy lifestyle health tips fitness tips how to overcome obesity tips to improving general health conditions how to lose weight how to cure cancer how to heal yourself health secrets of fit people health and nutrition tips paul robinson documentary revolution films</p>', '', 2, 2, 0, 1, 42, 0, 0, 0, '2017-08-03 00:28:52', 9, '2017-08-03 00:28:52', 1, NULL, 1),
(274, 'Mind of A Single Male | #Ep104 | Black Web Series | #ArtisticStandardTV | (2015)', 'www.youtube.com/watch?v=ofnxb0PL5_A', 920, '10', 'https://i.ytimg.com/vi/ofnxb0PL5_A/maxresdefault.jpg', '<p>&nbsp;A recently unengaged and emotionally scorned Chase Hall decides to turn his wealth of knowledge and high level of sexual experiences into a helpful insight for women into the mosaic mind of a single male.&nbsp;</p>', '', 2, 2, 0, 1, 37, 0, 0, 0, '2017-08-03 00:51:11', 9, '2017-08-03 00:44:10', 1, NULL, 4),
(275, 'Mind of A Single Male | #Ep101 #Premiere | Black Web Series', 'www.youtube.com/watch?v=0hYvfyuTuzE', 1383, '10', 'https://i.ytimg.com/vi/0hYvfyuTuzE/maxresdefault.jpg', '<p>A recently unengaged and emotionally scorned Chase Hall decides to turn his wealth of knowledge and high level of sexual experiences into a helpful insight for women into the mosaic mind of a single male.&nbsp;</p>', '', 2, 2, 0, 1, 13, 0, 0, 0, '2017-08-03 00:57:54', 9, '2017-08-03 00:57:54', 1, NULL, 1),
(276, 'Mind of A Single Male | #Ep102 | Black Web Series', 'www.youtube.com/watch?v=2zJLcgbli3A', 1433, '10', 'https://i.ytimg.com/vi/2zJLcgbli3A/sddefault.jpg', '<p>A recently unengaged and emotionally scorned Chase Hall decides to turn his wealth of knowledge and high level of sexual experiences into a helpful insight for women into the mosaic mind of a single male.</p>', '', 2, 2, 0, 1, 19, 0, 0, 0, '2017-08-03 01:01:21', 9, '2017-08-03 01:01:21', 1, NULL, 2),
(279, 'The Truth About Lies - short film', 'www.youtube.com/watch?v=af6jvjKCZcM', 1143, '', 'https://i.ytimg.com/vi/af6jvjKCZcM/maxresdefault.jpg', '<p>Winner AUDIENCE CHOICE AWARD at the HollyShorts Film Festival FINALIST AWARD at the Las Vegas Film Festival NOMINATED for the HBO SHORT FILM AWARD at the Martha\'s Vineyard African-American Film Festival NOMINATED for BEST DIRECTOR and BEST CINEMATOGRAPHY at the HDFEST Film Festival Written and Directed by Shalako L Gordon \"The Truth About Lies,&rdquo; spin the bullet on the thin dividing veil between who we are and what we do. Not your typical &ldquo;date movie,&rdquo; &lsquo;Lies,&rsquo; not only gives insight to the male perspective on disclosure and trust in relationships&mdash;but pays the price of intimacy in blood. Starring: Ser&rsquo;Darius Blain, Loren Lillian, Lamorne Morris, Gabby Sherba, Blair Sharn&eacute; Producer: Andre Cole Director of Photography: Christopher Webb Editors: Shalako L. Gordon &amp; Fritz Archer Filmed with the RED ONE EPIC Edited in FINAL CUT PRO For more content be sure to subscribe to</p>', '', 2, 2, 0, 1, 36, 0, 0, 0, '2017-08-03 01:10:41', 9, '2017-08-03 01:10:41', 1, NULL, 1),
(280, 'Deep It | Award Winning Short Film', 'www.youtube.com/watch?v=CIydCG8lFYQ', 988, '', 'https://i.ytimg.com/vi/CIydCG8lFYQ/sddefault.jpg', '<p>A collaboration between Fully Focused and young people from across West London to bring you a film that looks at the impact of picking up a knife. Deep It.&nbsp;</p>', '', 2, 2, 0, 1, 18, 0, 0, 0, '2017-08-03 01:31:06', 9, '2017-08-03 01:31:06', 1, NULL, 1),
(283, 'Ladies Room | Episode 02 | Dingo & Khanna Preggers Or Not?', 'www.youtube.com/watch?v=7N9DDNaB51w&t=86s', 615, '11', 'https://i.ytimg.com/vi/7N9DDNaB51w/maxresdefault.jpg', '<p>Khanna suspects herself of being pregnant. One silly mistake and they find themselves in a flood with floating shit. Do they Juno it or leave it outside a temple? Watch to find out! Ladies Room is the raunchiest Y-Films series featuring its wildest leads, Dingo and Khanna. This is a story of two besties and the mental adventures they go through in six different loos over the six-episode series. It is a show about modern young &lsquo;girl bros&rsquo; struggling to grow up even as they grow old. These girls are mad, bad and completely unapologetic about it! Dingo and Khanna boldly take you where no man has gone before.</p>', '', 2, 2, 0, 1, 43, 0, 0, 0, '2017-08-03 16:49:27', 9, '2017-08-03 16:49:27', 1, NULL, 2),
(284, 'Ladies Room | Episode 03 | Dingo & Khanna on Dicks, Pics & Dick-Pics', 'www.youtube.com/watch?v=88Juygfho5o', 738, '11', 'https://i.ytimg.com/vi/88Juygfho5o/maxresdefault.jpg', '<p>The third episode finds Dingo &amp; Khanna in a maternity clinic, where they must deal with a grumpy boss, a judgemental nurse and a horny work colleague, apart from Khanna&rsquo;s accidental pregnancy, of course.</p>', '', 2, 2, 0, 1, 40, 0, 0, 0, '2017-08-03 16:55:06', 9, '2017-08-03 16:55:06', 1, NULL, 3),
(285, 'Ladies Room | Episode 04 | Dingo & Khanna Tripping Balls', 'www.youtube.com/watch?v=YMug0F9yw1U', 636, '11', 'https://i.ytimg.com/vi/YMug0F9yw1U/maxresdefault.jpg', '<p>Dingo is worried she might fuck up the one job given to her by the Evil Raveena and a reckless Khanna downing her drinks is not helping. With alcohol and MDMA flooding her system, Khanna blurts out major life secrets while a struggling Dingo tries to tackle her. What happens next? It&rsquo;s girl talk time people!&nbsp;</p>', '', 2, 2, 0, 1, 40, 0, 0, 0, '2017-08-03 16:57:01', 9, '2017-08-03 16:57:01', 1, NULL, 4),
(286, 'Ladies Room | Episode 05 | Dingo and Khanna\'s Peep Show', 'www.youtube.com/watch?v=_vUnwm1PE48', 660, '11', 'https://i.ytimg.com/vi/_vUnwm1PE48/maxresdefault.jpg', '<p>Dingo struggles to get Under Gogo Ka Ghagra but ends up under a furious Khanna who is trying to get over Kunal! With a whole lot of vomit and a tinge of piss, Dingo and Khanna find themselves in a massive mess, yet again.&nbsp;</p>', '', 2, 2, 0, 1, 44, 0, 0, 0, '2017-08-03 16:59:45', 9, '2017-08-03 16:59:45', 1, NULL, 5),
(288, '\"The Good Guy\" - Domestic Violence Short Film', 'youtube.com/watch?v=yW8gobZG7Dg', 365, '', 'https://i.ytimg.com/vi/yW8gobZG7Dg/sddefault.jpg', '<p>Directors class final project. Short narrative film based on a monologue written by Amanda Plummer (the female lead in this video) that was geared towards domestic abuse</p>', '', 2, 2, 0, 1, 39, 0, 0, 0, '2017-08-03 20:41:38', 9, '2017-08-03 20:41:38', 1, NULL, 1),
(289, 'The Life Of A Nigerian Couple (Short Film Version)', 'www.youtube.com/watch?v=BMUuwazAtMU&spfreload=10', 723, '', 'https://i.ytimg.com/vi/BMUuwazAtMU/maxresdefault.jpg', '<p>This comedy series chronicles the life a young Nigerian Couple who try to live peacefully without killing each other.</p>', '', 2, 2, 0, 1, 52, 1, 0, 0, '2017-08-03 21:48:06', 9, '2017-08-03 21:48:06', 1, NULL, 1),
(290, 'The Nice Girl - Short Film', 'www.youtube.com/watch?v=hXHsN0oARI8', 598, '', 'https://i.ytimg.com/vi/hXHsN0oARI8/maxresdefault.jpg', '<p>What are the chances that you would meet a stranger one day that could kill , kidnap, test, hurt, or hug you? That\'s what happens to Kate in the short film - The Nice Girl. After a terrible day at work, Kate is accosted by Jack, a stranger, who leads her on a quick journey, one that can change her if she plays her cards right. The Nice Girl is a short film directed by V.K. Shah, director of The Cheapest Man In The Room and Welcome To Shady Pines. This ten minute high definition film stars April Wade and Sigmund Watkins, both emerging and talented actors in Los Angeles.</p>', '', 2, 2, 0, 1, 55, 0, 0, 0, '2017-08-04 20:35:11', 9, '2017-08-04 20:35:11', 1, NULL, 1);

-- --------------------------------------------------------

--
-- Table structure for table `videotypes`
--

CREATE TABLE `videotypes` (
  `VideoTypeId` tinyint(4) NOT NULL,
  `VideoTypeName` varchar(45) NOT NULL,
  `CssClass` varchar(45) DEFAULT NULL
) ENGINE=InnoDB DEFAULT CHARSET=utf8;

--
-- Dumping data for table `videotypes`
--

INSERT INTO `videotypes` (`VideoTypeId`, `VideoTypeName`, `CssClass`) VALUES
(1, 'UPLOAD', 'label-info'),
(2, 'YOUTUBE', 'label-success'),
(3, 'VIMEO', 'label-warning'),
(4, 'MP3', 'label-info'),
(5, 'FACEBOOK', NULL),
(6, 'DAILY_MOTION', NULL);

-- --------------------------------------------------------

--
-- Table structure for table `vidhub_slider`
--

CREATE TABLE `vidhub_slider` (
  `sliderId` int(11) UNSIGNED NOT NULL,
  `title` text NOT NULL,
  `description` text NOT NULL,
  `type` varchar(45) NOT NULL,
  `value` varchar(255) NOT NULL,
  `image` text NOT NULL,
  `display_order` int(11) NOT NULL DEFAULT '1'
) ENGINE=InnoDB DEFAULT CHARSET=latin1;

--
-- Dumping data for table `vidhub_slider`
--

INSERT INTO `vidhub_slider` (`sliderId`, `title`, `description`, `type`, `value`, `image`, `display_order`) VALUES
(1, 'GIANTS', 'Win The Day', 's1-url', 'giants-ep-1-win-the-day-211.html', 'Ginats.png', 2),
(2, 'Dear Miller', 'Dear Miller', 's1-url', '01-dear-miller-236.html', 'millser.png', 4),
(3, 'Doing It Wrong', 'Our first college series out of Howard University made by college students!', 's1-url', 'doing-it-wrong-chapter-1-new-series-225.html', 'do.png', 3),
(4, 'In the Bedroom', 'The intrigues of married couples.', 's1-video', 'telebang.com', 'do.png', 1),
(5, 'Trivia Knockout', 'No Pain No Gain', 's1-video', '5', 'gsdh.jpg', 1);

-- --------------------------------------------------------

--
-- Table structure for table `vidhub_theme_config`
--

CREATE TABLE `vidhub_theme_config` (
  `site_title` varchar(255) NOT NULL,
  `site_headding` varchar(255) NOT NULL,
  `site_favicon` varchar(255) NOT NULL,
  `header_logo` varchar(255) NOT NULL,
  `footer_logo` varchar(255) NOT NULL,
  `footer_about` varchar(255) NOT NULL,
  `android_url` varchar(255) NOT NULL,
  `ios_url` varchar(255) NOT NULL,
  `facebook_url` varchar(255) NOT NULL,
  `google_url` varchar(255) NOT NULL,
  `twitter_url` varchar(255) NOT NULL,
  `youtube_url` varchar(255) NOT NULL,
  `footer_copyright` varchar(255) NOT NULL,
  `id` int(11) NOT NULL,
  `home_category_1` int(11) NOT NULL,
  `home_category_2` int(11) NOT NULL,
  `jwplayer_key` varchar(255) NOT NULL,
  `upload_enable` int(11) NOT NULL DEFAULT '0',
  `about_url` varchar(255) NOT NULL,
  `videos_limit` int(11) NOT NULL,
  `blogs_limit` int(11) NOT NULL,
  `comment_limit` int(11) NOT NULL
) ENGINE=InnoDB DEFAULT CHARSET=latin1;

--
-- Dumping data for table `vidhub_theme_config`
--

INSERT INTO `vidhub_theme_config` (`site_title`, `site_headding`, `site_favicon`, `header_logo`, `footer_logo`, `footer_about`, `android_url`, `ios_url`, `facebook_url`, `google_url`, `twitter_url`, `youtube_url`, `footer_copyright`, `id`, `home_category_1`, `home_category_2`, `jwplayer_key`, `upload_enable`, `about_url`, `videos_limit`, `blogs_limit`, `comment_limit`) VALUES
('teleBang', 'Short videos and mini-series', 'telebang.png', 'telebang.png', 'tele<span>Bang</span>', 'Your platform for short movies and mini-series', 'https://play.google.com', 'https://play.google.com/', 'https://www.facebook.com/telebang/', '#', '#', 'https://www.youtube.com/', 'Copyright  2017 <a href=\"http://telebang.com/\">teleBang</a>. All Rights Reserved', 1, 0, 0, 'M6asZxu0Z9K3ZuxBx1TUC4VC30JC7vVnSOuIYw', 0, '0', 15, 5, 5);

-- --------------------------------------------------------

--
-- Table structure for table `viewlogs`
--

CREATE TABLE `viewlogs` (
  `ViewLogId` int(11) NOT NULL,
  `VideoId` int(11) NOT NULL,
  `UserId` int(11) NOT NULL,
  `ViewDateTime` datetime NOT NULL
) ENGINE=InnoDB DEFAULT CHARSET=utf8;

--
-- Indexes for dumped tables
--

--
-- Indexes for table `categories`
--
ALTER TABLE `categories`
  ADD PRIMARY KEY (`CategoryId`),
  ADD KEY `Categories_Status` (`StatusId`);

--
-- Indexes for table `categoryvideos`
--
ALTER TABLE `categoryvideos`
  ADD PRIMARY KEY (`CategoryVideoId`);

--
-- Indexes for table `configs`
--
ALTER TABLE `configs`
  ADD PRIMARY KEY (`ConfigId`);

--
-- Indexes for table `roles`
--
ALTER TABLE `roles`
  ADD PRIMARY KEY (`RoleId`);

--
-- Indexes for table `series`
--
ALTER TABLE `series`
  ADD PRIMARY KEY (`id_series`);

--
-- Indexes for table `status`
--
ALTER TABLE `status`
  ADD PRIMARY KEY (`StatusId`);

--
-- Indexes for table `tbl_comment_video`
--
ALTER TABLE `tbl_comment_video`
  ADD PRIMARY KEY (`id`);

--
-- Indexes for table `tbl_devices`
--
ALTER TABLE `tbl_devices`
  ADD PRIMARY KEY (`id`);

--
-- Indexes for table `tbl_like_video`
--
ALTER TABLE `tbl_like_video`
  ADD PRIMARY KEY (`id`);

--
-- Indexes for table `tbl_news`
--
ALTER TABLE `tbl_news`
  ADD PRIMARY KEY (`id`);

--
-- Indexes for table `tbl_news_category_connect`
--
ALTER TABLE `tbl_news_category_connect`
  ADD PRIMARY KEY (`id`);

--
-- Indexes for table `tbl_notification`
--
ALTER TABLE `tbl_notification`
  ADD PRIMARY KEY (`id`);

--
-- Indexes for table `tbl_subscription`
--
ALTER TABLE `tbl_subscription`
  ADD PRIMARY KEY (`id`),
  ADD KEY `id` (`id`);

--
-- Indexes for table `tbl_user_activity`
--
ALTER TABLE `tbl_user_activity`
  ADD PRIMARY KEY (`id`);

--
-- Indexes for table `tbl_video_view`
--
ALTER TABLE `tbl_video_view`
  ADD PRIMARY KEY (`id`);

--
-- Indexes for table `tbl_youtube_chanel`
--
ALTER TABLE `tbl_youtube_chanel`
  ADD PRIMARY KEY (`id`);

--
-- Indexes for table `tbl_youtube_playlist_subscribe`
--
ALTER TABLE `tbl_youtube_playlist_subscribe`
  ADD PRIMARY KEY (`id`);

--
-- Indexes for table `tbn_news_category`
--
ALTER TABLE `tbn_news_category`
  ADD PRIMARY KEY (`id`);

--
-- Indexes for table `users`
--
ALTER TABLE `users`
  ADD PRIMARY KEY (`UserId`),
  ADD KEY `Users_Roles` (`RoleId`),
  ADD KEY `Users_Status` (`StatusId`);

--
-- Indexes for table `uservideos`
--
ALTER TABLE `uservideos`
  ADD PRIMARY KEY (`UserVideoId`),
  ADD KEY `UserVideos_Users` (`UserId`),
  ADD KEY `UserVideos_Videos` (`VideoId`);

--
-- Indexes for table `videos`
--
ALTER TABLE `videos`
  ADD PRIMARY KEY (`VideoId`),
  ADD KEY `Videos_VideoTypes` (`VideoTypeId`),
  ADD KEY `Videos_Users` (`CrUserId`),
  ADD KEY `Videos_Status` (`StatusId`);

--
-- Indexes for table `videotypes`
--
ALTER TABLE `videotypes`
  ADD PRIMARY KEY (`VideoTypeId`);

--
-- Indexes for table `vidhub_slider`
--
ALTER TABLE `vidhub_slider`
  ADD PRIMARY KEY (`sliderId`);

--
-- Indexes for table `vidhub_theme_config`
--
ALTER TABLE `vidhub_theme_config`
  ADD PRIMARY KEY (`id`);

--
-- Indexes for table `viewlogs`
--
ALTER TABLE `viewlogs`
  ADD PRIMARY KEY (`ViewLogId`),
  ADD KEY `ViewLogs_Videos` (`VideoId`),
  ADD KEY `ViewLogs_Users` (`UserId`);

--
-- AUTO_INCREMENT for dumped tables
--

--
-- AUTO_INCREMENT for table `categories`
--
ALTER TABLE `categories`
  MODIFY `CategoryId` smallint(6) NOT NULL AUTO_INCREMENT, AUTO_INCREMENT=7;
--
-- AUTO_INCREMENT for table `categoryvideos`
--
ALTER TABLE `categoryvideos`
  MODIFY `CategoryVideoId` int(11) NOT NULL AUTO_INCREMENT, AUTO_INCREMENT=321;
--
-- AUTO_INCREMENT for table `series`
--
ALTER TABLE `series`
  MODIFY `id_series` int(11) NOT NULL AUTO_INCREMENT, AUTO_INCREMENT=12;
--
-- AUTO_INCREMENT for table `tbl_comment_video`
--
ALTER TABLE `tbl_comment_video`
  MODIFY `id` int(11) NOT NULL AUTO_INCREMENT, AUTO_INCREMENT=5;
--
-- AUTO_INCREMENT for table `tbl_devices`
--
ALTER TABLE `tbl_devices`
  MODIFY `id` int(11) NOT NULL AUTO_INCREMENT;
--
-- AUTO_INCREMENT for table `tbl_like_video`
--
ALTER TABLE `tbl_like_video`
  MODIFY `id` int(11) NOT NULL AUTO_INCREMENT, AUTO_INCREMENT=8;
--
-- AUTO_INCREMENT for table `tbl_news`
--
ALTER TABLE `tbl_news`
  MODIFY `id` int(11) NOT NULL AUTO_INCREMENT;
--
-- AUTO_INCREMENT for table `tbl_news_category_connect`
--
ALTER TABLE `tbl_news_category_connect`
  MODIFY `id` int(11) NOT NULL AUTO_INCREMENT;
--
-- AUTO_INCREMENT for table `tbl_notification`
--
ALTER TABLE `tbl_notification`
  MODIFY `id` int(11) NOT NULL AUTO_INCREMENT;
--
-- AUTO_INCREMENT for table `tbl_subscription`
--
ALTER TABLE `tbl_subscription`
  MODIFY `id` int(11) UNSIGNED NOT NULL AUTO_INCREMENT, AUTO_INCREMENT=51;
--
-- AUTO_INCREMENT for table `tbl_user_activity`
--
ALTER TABLE `tbl_user_activity`
  MODIFY `id` int(11) NOT NULL AUTO_INCREMENT;
--
-- AUTO_INCREMENT for table `tbl_video_view`
--
ALTER TABLE `tbl_video_view`
  MODIFY `id` int(11) NOT NULL AUTO_INCREMENT, AUTO_INCREMENT=1286;
--
-- AUTO_INCREMENT for table `tbl_youtube_chanel`
--
ALTER TABLE `tbl_youtube_chanel`
  MODIFY `id` int(10) NOT NULL AUTO_INCREMENT, AUTO_INCREMENT=6;
--
-- AUTO_INCREMENT for table `tbl_youtube_playlist_subscribe`
--
ALTER TABLE `tbl_youtube_playlist_subscribe`
  MODIFY `id` int(11) NOT NULL AUTO_INCREMENT, AUTO_INCREMENT=6;
--
-- AUTO_INCREMENT for table `tbn_news_category`
--
ALTER TABLE `tbn_news_category`
  MODIFY `id` int(11) NOT NULL AUTO_INCREMENT;
--
-- AUTO_INCREMENT for table `users`
--
ALTER TABLE `users`
  MODIFY `UserId` int(11) NOT NULL AUTO_INCREMENT, AUTO_INCREMENT=13;
--
-- AUTO_INCREMENT for table `uservideos`
--
ALTER TABLE `uservideos`
  MODIFY `UserVideoId` int(11) NOT NULL AUTO_INCREMENT;
--
-- AUTO_INCREMENT for table `videos`
--
ALTER TABLE `videos`
  MODIFY `VideoId` int(11) NOT NULL AUTO_INCREMENT, AUTO_INCREMENT=291;
--
-- AUTO_INCREMENT for table `vidhub_slider`
--
ALTER TABLE `vidhub_slider`
  MODIFY `sliderId` int(11) UNSIGNED NOT NULL AUTO_INCREMENT, AUTO_INCREMENT=6;
--
-- AUTO_INCREMENT for table `vidhub_theme_config`
--
ALTER TABLE `vidhub_theme_config`
  MODIFY `id` int(11) NOT NULL AUTO_INCREMENT, AUTO_INCREMENT=2;
--
-- AUTO_INCREMENT for table `viewlogs`
--
ALTER TABLE `viewlogs`
  MODIFY `ViewLogId` int(11) NOT NULL AUTO_INCREMENT;COMMIT;

/*!40101 SET CHARACTER_SET_CLIENT=@OLD_CHARACTER_SET_CLIENT */;
/*!40101 SET CHARACTER_SET_RESULTS=@OLD_CHARACTER_SET_RESULTS */;
/*!40101 SET COLLATION_CONNECTION=@OLD_COLLATION_CONNECTION */;
